NCTId,final_date,start_date,field_changed,final_value,start_value
NCT02808585,2025-08-01 07:26:41.414466,,New  Study  Added,,
NCT03649919,2025-08-01 07:26:41.414466,,New  Study  Added,,
NCT03917589,2025-08-01 07:26:41.414466,,New  Study  Added,,
NCT04934800,2025-08-01 07:26:41.414466,,New  Study  Added,,
NCT05102916,2025-08-01 07:26:41.414466,,New  Study  Added,,
NCT05635266,2025-08-01 07:26:41.414466,,New  Study  Added,,
NCT06581887,2025-08-01 07:26:41.414466,,New  Study  Added,,
NCT06902610,2025-08-01 07:26:41.414466,,New  Study  Added,,
NCT07015632,2025-07-01 07:21:37.005046,,New  Study  Added,,
NCT07037862,2025-07-01 07:21:37.005046,,New  Study  Added,,
NCT07038824,2025-07-01 07:21:37.005046,,New  Study  Added,,
NCT07039799,2025-07-01 07:21:37.005046,,New  Study  Added,,
NCT07058662,2025-08-01 07:26:41.414466,,New  Study  Added,,
NCT07092540,2025-08-01 07:26:41.414466,,New  Study  Added,,
NCT07101185,2025-09-01 07:20:22.089753,,New  Study  Added,,
NCT07127978,2025-09-01 07:20:22.089753,,New  Study  Added,,
NCT07129954,2025-09-01 07:20:22.089753,,New  Study  Added,,
NCT07160634,2025-10-01 07:19:32.349441,,New  Study  Added,,
NCT07172737,2025-10-01 07:19:32.349441,,New  Study  Added,,
NCT07172971,2025-10-01 07:19:32.349441,,New  Study  Added,,
NCT07188012,2025-10-01 07:19:32.349441,,New  Study  Added,,
NCT07209332,2025-11-01 07:17:18.276233,,New  Study  Added,,
NCT07250737,2025-12-01 07:23:31.834092,,New  Study  Added,,
NCT07254988,2025-12-01 07:23:31.834092,,New  Study  Added,,
NCT07282652,2026-01-01 07:23:50.780214,,New  Study  Added,,
NCT07286565,2026-01-01 07:23:50.780214,,New  Study  Added,,
NCT07287189,2026-01-01 07:23:50.780214,,New  Study  Added,,
NCT07317063,2026-02-01 07:37:25.453478,,New  Study  Added,,
NCT07332013,2026-02-01 07:37:25.453478,,New  Study  Added,,
NCT07338812,2026-02-01 07:37:25.453478,,New  Study  Added,,
NCT07347548,2026-02-01 07:37:25.453478,,New  Study  Added,,
NCT07356063,2026-02-01 07:37:25.453478,,New  Study  Added,,
NCT07368400,2026-02-01 07:37:25.453478,,New  Study  Added,,
NCT07369609,2026-02-01 07:37:25.453478,,New  Study  Added,,
NCT07378553,2026-02-01 07:37:25.453478,,New  Study  Added,,
NCT07402122,2026-03-01 07:33:13.464479,,New  Study  Added,,
NCT07415837,2026-03-01 07:33:13.464479,,New  Study  Added,,
NCT07423026,2026-03-01 07:33:13.464479,,New  Study  Added,,
NCT07429240,2026-03-01 07:33:13.464479,,New  Study  Added,,
NCT07435116,2026-03-01 07:33:13.464479,,New  Study  Added,,
NCT07436143,2026-03-01 07:33:13.464479,,New  Study  Added,,
NCT07437378,2026-03-01 07:33:13.464479,,New  Study  Added,,
NCT07467187,2026-04-01 08:15:57.024034,,New  Study  Added,,
NCT07475754,2026-04-01 08:15:57.024034,,New  Study  Added,,
NCT07511920,2026-05-01 09:01:11.670236,,New  Study  Added,,
NCT07515235,2026-05-01 09:01:11.670236,,New  Study  Added,,
NCT07542314,2026-05-01 09:01:11.670236,,New  Study  Added,,
NCT07543302,2026-05-01 09:01:11.670236,,New  Study  Added,,
NCT07560059,2026-05-01 09:01:11.670236,,New  Study  Added,,
NCT00005574,2026-02-01 07:37:25.453478,2026-01-01 07:23:50.780214,Org Study Id,000083,83
NCT01247207,2026-04-01 08:15:57.024034,2026-03-01 07:33:13.464479,Overall Status,Completed,Enrolling By Invitation
NCT01247207,2026-04-01 08:15:57.024034,2026-03-01 07:33:13.464479,Primary Completion Date,2026-02-10,2025-04-30
NCT01247207,2026-04-01 08:15:57.024034,2026-03-01 07:33:13.464479,Completion Date,2026-02-10,2025-04-30
NCT01247207,2026-04-01 08:15:57.024034,2026-03-01 07:33:13.464479,Last Update Post Date,2026-03-09,2025-04-17
NCT01396239,2026-02-01 07:37:25.453478,2026-01-01 07:23:50.780214,Secondary Id,07-2484,Jul-84
NCT01451281,2025-09-01 07:20:22.089753,2025-08-01 07:26:41.414466,Brief Summary,"Background:
\- Duchenne muscular dystrophy (DMD) is a disease in which the muscles are unable to make the protein dystrophin. Without this protein, the muscles become gradually weaker. A new medicine called GSK2402968 is being tested to see if it can help prevent or slow down this loss of muscle strength. In this study, boys with DMD and healthy volunteers will have different types of imaging studies to see which ones provide the best images of the muscles. This information will help researchers use these imaging techniques to test the safety and effectiveness of GSK2402968 and other agents.
Objectives:
\- To test magnetic resonance imaging and ultrasound techniques that can detect changes in muscles of boys with DMD.
Eligibility:
* Boys who have DMD and are in the GSK2402968 drug test study.
* Healthy boys of the same age as the above study participants.
Design:
* Participants will be screened with a medical history and physical exam.
* Healthy volunteers will have one 2-hour visit with three tests. Magnetic resonance imaging (MRI) scans of the skeletal muscles and heart and diaphragm muscles will be carried out. Muscle ultrasound imaging of leg and arm muscles will also be done. Participants should not perform heavy physical activity like school sports or long walks during the week before the visit.
* Participants in the GSK2402968 study will have the same series of tests as the healthy volunteers. The tests will be given during the study screening phase. They will be repeated after 3 months and 6 months of receiving the study agent (GSK2402968 or placebo) and at 6 months after stopping the GSK study.","Background:
- Duchenne muscular dystrophy (DMD) is a disease in which the muscles are unable to make the protein dystrophin. Without this protein, the muscles become gradually weaker. A new medicine called GSK2402968 is being tested to see if it can help prevent or slow down this loss of muscle strength. In this study, boys with DMD and healthy volunteers will have different types of imaging studies to see which ones provide the best images of the muscles. This information will help researchers use these imaging techniques to test the safety and effectiveness of GSK2402968 and other agents.
Objectives:
- To test magnetic resonance imaging and ultrasound techniques that can detect changes in muscles of boys with DMD.
Eligibility:
* Boys who have DMD and are in the GSK2402968 drug test study.
* Healthy boys of the same age as the above study participants.
Design:
* Participants will be screened with a medical history and physical exam.
* Healthy volunteers will have one 2-hour visit with three tests. Magnetic resonance imaging (MRI) scans of the skeletal muscles and heart and diaphragm muscles will be carried out. Muscle ultrasound imaging of leg and arm muscles will also be done. Participants should not perform heavy physical activity like school sports or long walks during the week before the visit.
* Participants in the GSK2402968 study will have the same series of tests as the healthy volunteers. The tests will be given during the study screening phase. They will be repeated after 3 months and 6 months of receiving the study agent (GSK2402968 or placebo) and at 6 months after stopping the GSK study."
NCT01648634,2025-12-01 07:23:31.834092,2025-11-01 07:17:18.276233,Collaborator Name,"Association Française contre les Myopathies (AFM), Paris, URC-CIC Paris Descartes Necker Cochin","Association Française contre les Myopathies (AFM), Paris"
NCT01834040,2026-02-01 07:37:25.453478,2026-01-01 07:23:50.780214,Org Study Id,00102,102
NCT01834066,2026-02-01 07:37:25.453478,2026-01-01 07:23:50.780214,Secondary Outcome Measure,-Improvement of daily living scale and baseline in EMG(electromyography),#NAME?
NCT01834066,2026-02-01 07:37:25.453478,2026-01-01 07:23:50.780214,Org Study Id,00101,101
NCT01982695,2025-08-01 07:26:41.414466,2025-07-01 07:21:37.005046,Collaborator Name,"Boston Children's Hospital, University of California, Davis, University of Kansas Medical Center, University of Minnesota, St. Louis Children's Hospital","Boston Children's Hospital, University of California, Davis, Unverisity of Kansas Medical Center, University of Minnesota, St. Louis Children's Hospital"
NCT02194725,2025-09-01 07:20:22.089753,2025-08-01 07:26:41.414466,Brief Summary,"Background:
\- Children with Duchenne/Becker Muscular Dystrophy (DBMD) slowly lose muscle function. They usually die at a young age. Some mothers adapt to the demands of caring for a child with this disease better than others. Studies show that a person s hope may positively affect how they cope and adapt. Researchers want to find out more about this. They want to develop ways to improve caregivers overall wellness.
Objective:
\- To study the relationships between uncertainty, hope, and coping ability in mothers of children with DBMD.
Eligibility:
\- Women in the United States 18 years and older. They must be biological mothers of a living child with DBMD and be able to answer a survey in English.
Design:
* This study is part of a larger study that examines the well-being of mothers with sons who have DBMD.
* Participants will take a questionnaire. The questionnaire can be done on paper or on a computer. It will take 30 45 minutes to complete.
* The questionnaire will include basic demographic questions about the participant and the child. There will also be questions about how the participant copes with the stress and uncertainty of DBMD.
* For most of the questions, participants will rate their feelings on a scale. There will also be four open-ended questions.","Background:
- Children with Duchenne/Becker Muscular Dystrophy (DBMD) slowly lose muscle function. They usually die at a young age. Some mothers adapt to the demands of caring for a child with this disease better than others. Studies show that a person s hope may positively affect how they cope and adapt. Researchers want to find out more about this. They want to develop ways to improve caregivers overall wellness.
Objective:
- To study the relationships between uncertainty, hope, and coping ability in mothers of children with DBMD.
Eligibility:
- Women in the United States 18 years and older. They must be biological mothers of a living child with DBMD and be able to answer a survey in English.
Design:
* This study is part of a larger study that examines the well-being of mothers with sons who have DBMD.
* Participants will take a questionnaire. The questionnaire can be done on paper or on a computer. It will take 30 45 minutes to complete.
* The questionnaire will include basic demographic questions about the participant and the child. There will also be questions about how the participant copes with the stress and uncertainty of DBMD.
* For most of the questions, participants will rate their feelings on a scale. There will also be four open-ended questions."
NCT02369731,2026-03-01 07:33:13.464479,2026-02-01 07:37:25.453478,Overall Status,Completed,Active Not Recruiting
NCT02369731,2026-03-01 07:33:13.464479,2026-02-01 07:37:25.453478,Primary Completion Date,2025-03-31,2025-05-30
NCT02369731,2026-03-01 07:33:13.464479,2026-02-01 07:37:25.453478,Completion Date,2025-03-31,2025-05-30
NCT02369731,2026-03-01 07:33:13.464479,2026-02-01 07:37:25.453478,Last Update Post Date,2026-02-24,2025-03-14
NCT02500381,2025-12-01 07:23:31.834092,2025-11-01 07:17:18.276233,Overall Status,Completed,Active Not Recruiting
NCT02606136,2026-02-01 07:37:25.453478,2026-01-01 07:23:50.780214,Lead Sponsor Name,Kyntra Bio,FibroGen
NCT02789059,2026-01-01 07:23:50.780214,2025-12-01 07:23:31.834092,Overall Status,Completed,Unknown
NCT02789059,2026-01-01 07:23:50.780214,2025-12-01 07:23:31.834092,Enrollment Count,17.0,170.0
NCT02789059,2026-05-01 09:01:11.670236,2026-04-01 08:15:57.024034,Last Update Post Date,2026-04-22,2025-12-16
NCT03179631,2026-04-01 08:15:57.024034,2026-03-01 07:33:13.464479,Has Results,True,False
NCT03179631,2026-04-01 08:15:57.024034,2026-03-01 07:33:13.464479,Primary Outcome Measure,"DB Period: Change From Baseline in 6-Minute Walk Distance (6MWD) at Week 72 - Modified Intention-to-treat (mITT) Population, DB Period: Change From Baseline in 6MWD at Week 72 - Intent-to-Treat (ITT) Population, DB Period: Average Rate of Change From Baseline in 6MWD at Week 72 - mITT Population, DB Period: Average Rate of Change From Baseline in 6MWD at Week 72 - ITT Population",Slope of Change in 6-Minute Walk Distance (6MWD) Over 72 Weeks
NCT03179631,2026-04-01 08:15:57.024034,2026-03-01 07:33:13.464479,Secondary Outcome Measure,"DB Period: Change From Baseline in Time to Run/Walk 10 Meters at Week 72 - mITT Population, DB Period: Change From Baseline in Time to Run/Walk 10 Meters at Week 72 - ITT Population, DB Period: Change From Baseline in Time to Climb 4 Stairs at Week 72 - mITT Population, DB Period: Change From Baseline in Time to Climb 4 Stairs at Week 72 - ITT Population, DB Period: Change From Baseline in Time to Descend 4 Stairs at Week 72 - mITT Population, DB Period: Change From Baseline in Time to Descend 4 Stairs at Week 72 - ITT Population, DB Period: Composite of Average Change From Baseline in TFTs at Week 72 - mITT Population, DB Period: Composite of Average Change From Baseline in TFTs at Week 72 - ITT Population, DB Period: Composite of Average Rate of Change From Baseline in TFTs at Week 72 - mITT Population, DB Period: Composite of Average Rate of Change From Baseline in TFTs at Week 72 - ITT Population, DB Period: Time to Persistent 10% Worsening in 6MWD at Week 72 - mITT Population, DB Period: Time to Persistent 10% Worsening in 6MWD - ITT Population, DB Period: Change From Baseline in North Start Ambulatory Assessment (NSAA) Total Score at Week 72 - mITT Population, DB Period: Change From Baseline in NSAA Total Score at Week 72 - ITT Population, DB Period: Time to Loss of Ambulation - mITT Population, DB Period: Time to Loss of Ambulation Over 72 Weeks - ITT Population, DB Period: Time to Loss of Stair-Climbing - mITT Population, DB Period: Time to Loss of Stair-Climbing - ITT Population, DB Period: Time to Loss of Stair-Descending - mITT Population, DB Period: Time to Loss of Stair-Descending - ITT Population, DB Period: Number of Participants With Function Loss of NSAA Items at Week 72 - mITT Population, DB Period: Number of Participants With Function Loss of NSAA Items at Week 72 - ITT Population, DB Period: Number of Participants With Treatment-emergent Adverse Events (TEAEs), Overall Treatment Period: Change From Baseline in 6MWD at Week 144, Overall Treatment Period: Composite of Average Change From Baseline in TFTs at Week 144, Overall Treatment Period: Change From Baseline in Time to Run/Walk 10 Meters at Week 144, Overall Treatment Period: Change From Baseline in Time to Climb 4 Stairs at Week 144, Overall Treatment Period: Change From Baseline in Time to Descend 4 Stairs at Week 144, Overall Treatment Period: Change From Baseline in NSAA Total Score at Week 144, Overall Treatment Period: Time to Loss of Ambulation Over 144 Weeks, Overall Treatment Period: Time to Loss of Stair-Climbing Over 144 Weeks, Overall Treatment Period: Time to Loss of Stair- Descending Over 144 Weeks, Overall Treatment Period: Number of Participants With Function Loss of NSAA Items at Week 144, Overall Treatment Period: Number of Participants With TEAEs, OL Period: Plasma Pharmacokinetic (PK) Concentration of Ataluren","Change from Baseline to Week 72 in 6MWD, Change from Baseline to Week 72 in Time to Run/Walk 10 Meters, Change from Baseline to Week 72 in Time to Climb 4 Stairs, Change from Baseline to Week 72 in Time to Descend 4 Stairs, Change from Baseline to Week 72 in North Start Ambulatory Assessment (NSAA) Total Score, Time to Loss of Ambulation Over 72 Weeks, Time to Loss of Stair-Climbing Over 72 Weeks, Time to Loss of Stair-Descending Over 72 Weeks, Risk of Loss of NSAA Items Over 72 weeks, Number of Treatment-Emergent Adverse Events Considered Related to Study Drug"
NCT03179631,2026-04-01 08:15:57.024034,2026-03-01 07:33:13.464479,Last Update Post Date,2026-03-10,2024-01-18
NCT03340675,2026-02-01 07:37:25.453478,2026-01-01 07:23:50.780214,Has Results,True,False
NCT03340675,2026-02-01 07:37:25.453478,2026-01-01 07:23:50.780214,Primary Outcome Measure,Incidence of Treatment-Emergent Adverse Events,Incidence of Treatment-Emergent Adverse Events (safety & tolerability)
NCT03340675,2026-02-01 07:37:25.453478,2026-01-01 07:23:50.780214,Secondary Outcome Measure,"Pharmacokinetics Area Under the Curve, Pharmacokinetics Maximum Serum Concentration (Cmax), Pharmacokinetics Time to Reach Cmax (Tmax) Concentration, Pharmacokinetics Plasma Terminal Half-life Concentration, Change From Baseline in Left Ventricular Ejection Fraction, Change From Baseline in FEV1, Change From Baseline in Percent Predicted FEV1, Change From Baseline in FVC, Change From Baseline in Percent Predicted FVC, Change From Baseline in Maximal Expiratory Pressure, Change From Baseline in Maximal Inspiratory Pressure, Change From Baseline in Peak Expiratory Flow Rate, Change From Baseline in Percent Predicted Peak Expiratory Flow Rate, Change From Baseline in Quality-of-life","Pharmacokinetics Area under the curve, Pharmacokinetics maximum serum concentration (Cmax), Pharmacokinetics time to reach Cmax (Tmax) concentration, Pharmacokinetics plasma terminal half-life concentration, Change from baseline in left ventricular ejection fraction, Change from baseline in pulmonary function, Change from baseline in quality-of-life"
NCT03340675,2026-02-01 07:37:25.453478,2026-01-01 07:23:50.780214,Enrollment Count,46.0,48.0
NCT03340675,2026-04-01 08:15:57.024034,2026-03-01 07:33:13.464479,Overall Status,Completed,Active Not Recruiting
NCT03340675,2026-04-01 08:15:57.024034,2026-03-01 07:33:13.464479,Completion Date,2026-01-23,2026-01-01
NCT03340675,2026-04-01 08:15:57.024034,2026-03-01 07:33:13.464479,Last Update Post Date,2026-03-17,2026-01-26
NCT03362502,2025-10-01 07:19:32.349441,2025-09-01 07:20:22.089753,Overall Status,Terminated,Active Not Recruiting
NCT03368742,2025-07-01 07:21:37.005046,2025-06-01 07:18:56.003730,Brief Summary,"This is a controlled, open-label, single-ascending dose study to evaluate the safety and tolerability of SGT-001 in adolescents and children with Duchenne muscular dystrophy (DMD). Participants will receive a single intravenous (IV) infusion of SGT-001 and will be followed for approximately 5 years.
The protocol was amended to drop the control arm after 4 participants were dosed.","This is a controlled, open-label, single-ascending dose study to evaluate the safety, tolerability and efficacy of SGT-001 in adolescents and children with Duchenne muscular dystrophy (DMD). Participants will receive a single intravenous (IV) infusion of SGT-001 and will be followed for approximately 5 years.
The protocol was amended to drop the control arm after 4 participants were dosed. Participants currently enrolling are assigned to active treatment. Control participants enrolled under original protocol will continue through the study per the original protocol."
NCT03368742,2025-07-01 07:21:37.005046,2025-06-01 07:18:56.003730,Primary Outcome Measure,Number of Participants with Treatment Emergent Adverse Events (TEAEs),Primary safety endpoint
NCT03368742,2025-07-01 07:21:37.005046,2025-06-01 07:18:56.003730,Secondary Outcome Measure,"Number of Participants with Clinically Significant Abnormalities in Laboratory Parameters, Number of Participants with Clinically Significant Abnormalities in Vital Signs, Number of Participants with Clinically Significant Abnormalities in Physical Examinations, Number of Participants with Clinically Significant Abnormalities in Electrocardiogram (ECG), Change from Baseline in Microdystrophin Protein Levels in Muscle Biopsies Using Western Blot (WB), Change from Baseline in Microdystrophin Protein Levels in Muscle Biopsies Using Immunofluorescence (IF), Change from Baseline in North Star Ambulatory Assessment (NSAA) score in Ambulatory Participants, Change from Baseline in 6-minute walk test (6MWT) Distance in Ambulatory Participants, Change from Baseline in Total Upper Limb Function, as Measured by the Total Performance of the Upper Limb (PUL) Functional Scale Score, Change from Baseline in Respiratory Function, as Measured by Forced Vital Capacity (FVC) % Predicted, Forced Expiratory Volume in 1 second (FEV1) % Predicted, and Peak Expiratory Flow (PEF) % Predicted, Change from Baseline in Ejection Fraction, As Measured by Echocardiography, Change from Baseline in Left Ventricular End Systolic Volume, As Measured by Echocardiography, Change from Baseline in Myocardial Peak Circumferential Strain (Ecc), As Measured by Echocardiography, Change from Baseline in Quality of Life as Measured by the Paediatric Quality of Life Inventory (PedsQL) Duchenne muscular dystrophy (DMD) module and self-reported outcome measures as measured by the PODCI DMD module","Secondary safety endpoint, Secondary safety endpoint, Secondary safety endpoint, Secondary safety endpoint, Secondary efficacy endpoint, Secondary efficacy endpoint, Secondary efficacy endpoint, Secondary efficacy endpoint, Secondary efficacy endpoint, Secondary efficacy endpoint, Secondary efficacy endpoint, Secondary efficacy endpoint, Secondary efficacy endpoint"
NCT03368742,2026-03-01 07:33:13.464479,2026-02-01 07:37:25.453478,Last Update Post Date,2026-02-03,2025-12-03
NCT03368742,2026-04-01 08:15:57.024034,2026-03-01 07:33:13.464479,Last Update Post Date,2026-03-03,2026-02-03
NCT03373968,2026-02-01 07:37:25.453478,2026-01-01 07:23:50.780214,Overall Status,Recruiting,Active Not Recruiting
NCT03655223,2026-02-01 07:37:25.453478,2026-01-01 07:23:50.780214,Minimum Age Months,0.0333333333333333,0.033333333
NCT03655223,2026-02-01 07:37:25.453478,2026-01-01 07:23:50.780214,Maximum Age Months,1.0333333333333334,1.033333333
NCT03689660,2026-05-01 09:01:11.670236,2026-04-01 08:15:57.024034,Overall Status,Completed,Unknown
NCT03689660,2026-05-01 09:01:11.670236,2026-04-01 08:15:57.024034,Completion Date,2023-05-01,2023-10-01
NCT03689660,2026-05-01 09:01:11.670236,2026-04-01 08:15:57.024034,Last Update Post Date,2026-04-23,2022-06-22
NCT03863119,2025-10-01 07:19:32.349441,2025-09-01 07:20:22.089753,Overall Status,Available,Approved For Marketing
NCT03863119,2025-10-01 07:19:32.349441,2025-09-01 07:20:22.089753,Brief Summary,"The intent of this protocol is to provide continued access to vamorolone for subjects in the United States and Canada who have completed the VBP15-LTE, VBP15- 004, or VBP15-006 protocols (and are thereby ineligible to enroll in another trial of vamorolone therapy), during the time a new drug application for vamorolone is under preparation and review.","The intent of this protocol is to provide continued access to vamorolone for subjects in the United States who Have Completed the VBP15-LTE, VBP15- 004, or VBP15-006 protocols (and are thereby ineligible to enroll in another trial of vamorolone therapy), during the time a new drug application for vamorolone is under preparation and review."
NCT03882827,2026-03-01 07:33:13.464479,2026-02-01 07:37:25.453478,Overall Status,Recruiting,Unknown
NCT03882827,2026-03-01 07:33:13.464479,2026-02-01 07:37:25.453478,Brief Summary,Baseline Study on Duchenne Muscular Dystrophy (DMD) in view to collect data on the natural disease course in a cohort in young male subjects aged from 4 to 9 Years over a period of 6 to 36 months using disease appropriate evaluations.,Baseline Study on Duchenne Muscular Dystrophy (DMD) in view to collect data on the natural disease course in a cohort in young male subjects aged from 5 to 9 Years over a period of 6 to 36 months using disease appropriate evaluations.
NCT03882827,2026-03-01 07:33:13.464479,2026-02-01 07:37:25.453478,Primary Outcome Measure,"NSAA scale, 10 Meter Walk/ Run test (10MW/RT), Raise from floor (RFF), 6 Minutes Walk Test (6 MWT), Myoset : Myo-grip, -pinch, Stride velocity 95th centile (SV95c), Muscle Imaging Nuclear Magnetic Resonance Imaging (NMRI), Pulmonary Function Test (PFT), ECG - Echocardiography, ACTIVLIM, EQ-5D","NSAA scale, 10 Meter Walk/ Run test (10MW/RT), 6 Minutes Walk Test (6 MWT), Myoset : Myo-grip, -pinch, ACTIMYO, Muscle Imaging Nuclear Magnetic Resonance Imaging (NMRI), Pulmonary Function Test (PFT), ECG - Echocardiography, ACTIVLIM, EQ-5D"
NCT03882827,2026-03-01 07:33:13.464479,2026-02-01 07:37:25.453478,Minimum Age,4 Years,5 Years
NCT03882827,2026-03-01 07:33:13.464479,2026-02-01 07:37:25.453478,Minimum Age Months,48.0,60.0
NCT03882827,2026-03-01 07:33:13.464479,2026-02-01 07:37:25.453478,Enrollment Count,220.0,100.0
NCT03882827,2026-03-01 07:33:13.464479,2026-02-01 07:37:25.453478,Primary Completion Date,2029-05-30,2023-06-30
NCT03882827,2026-03-01 07:33:13.464479,2026-02-01 07:37:25.453478,Completion Date,2029-09-30,2023-06-30
NCT03882827,2026-03-01 07:33:13.464479,2026-02-01 07:37:25.453478,Last Update Post Date,2026-02-12,2022-09-07
NCT03936894,2025-10-01 07:19:32.349441,2025-09-01 07:20:22.089753,Overall Status,Unknown,Active Not Recruiting
NCT03992430,2026-03-01 07:33:13.464479,2026-02-01 07:37:25.453478,Last Update Post Date,2026-02-27,2024-12-20
NCT04139460,2026-03-01 07:33:13.464479,2026-02-01 07:37:25.453478,Overall Status,Unknown,Not Yet Recruiting
NCT04240314,2025-10-01 07:19:32.349441,2025-09-01 07:20:22.089753,Overall Status,Completed,Active Not Recruiting
NCT04240314,2025-10-01 07:19:32.349441,2025-09-01 07:20:22.089753,Has Results,True,False
NCT04240314,2025-10-01 07:19:32.349441,2025-09-01 07:20:22.089753,Primary Outcome Measure,Number of Participants With Unacceptable Toxicity.,Monitoring for the development of unacceptable toxicity.
NCT04240314,2025-10-01 07:19:32.349441,2025-09-01 07:20:22.089753,Secondary Outcome Measure,"Change in Dystrophin Expression From Baseline Following Treatment With scAAV9.U7.ACCA., Change in Dystrophin Expression From Baseline Following Treatment With scAAV9.U7.ACCA., Changes in Percent of Exon 2 Skipping/Exclusion in the Dystrophin mRNA Transcript.","Change in dystrophin expression from baseline following treatment with scAAV9.U7.ACCA., Change in dystrophin expression from baseline following treatment with scAAV9.U7.ACCA., Changes in exon 2 inclusion in the dystrophin mRNA transcript."
NCT04240314,2025-10-01 07:19:32.349441,2025-09-01 07:20:22.089753,Collaborator Name,"Audentes Therapeutics, Astellas Pharma Inc",Audentes Therapeutics
NCT04281485,2025-07-01 07:21:37.005046,2025-06-01 07:18:56.003730,Has Results,True,False
NCT04281485,2025-07-01 07:21:37.005046,2025-06-01 07:18:56.003730,Primary Outcome Measure,Change From Baseline in North Star Ambulatory Assessment (NSAA) Total Score at Week 52,Change from Baseline in North Star Ambulatory Assessment (NSAA)
NCT04281485,2025-07-01 07:21:37.005046,2025-06-01 07:18:56.003730,Secondary Outcome Measure,"Change From Baseline in Percent Normal Dystrophin Expression Level in Muscle Biopsies by Liquid Chromatography Mass Spectrometry (LC-MS) Based on LLQV Peptide at Week 52, Change From Baseline in Percent of Muscle Fibers Expressing Mini-Dystrophin in Muscle Biopsies by Immunofluorescence at Week 52, Change From Baseline in Serum Creatine Kinase (CK) Concentration at Week 52, Least Square Mean of Proportion of Skills Gained Based on the Individual Items of the NSAA at Week 52, Least Square Mean of Proportion of Skills Either Improved or Maintained Based on the Individual Items of the NSAA at Week 52, Change From Baseline in 10 Meter Run/Walk Velocity at Week 52, Change From Baseline in Rise From Floor Velocity at Week 52, Change From Baseline in Modified Pediatric Outcome Data Collection Instrument (PODCI)- Transfer and Basic Mobility Core Scale at Week 52, Change From Baseline in Modified PODCI- Sports and Physical Functioning Core Scale at Week 52","Change from Baseline in mini-dystrophin expression level in muscle, Change from Baseline in distribution of mini-dystrophin expression in the muscle, Change from Baseline in serum creatine kinase (CK), Number of skills gained based on the individual items of the NSAA., Number of skills improved or maintained based on the individual items of the NSAA, Change from Baseline in the 10-meter run/walk test velocity, Change from Baseline in the rise from floor velocity, Change from Baseline in the Modified Pediatric Outcomes Data Collection Instrument (PODCI): Transfer and Basic Mobility Core Scale, Change from Baseline in the Modified Pediatric Outcomes Data Collection Instrucment (PODCI): Sports and Physical Functioning Core Scale"
NCT04281485,2025-07-01 07:21:37.005046,2025-06-01 07:18:56.003730,Enrollment Count,114.0,122.0
NCT04281485,2026-04-01 08:15:57.024034,2026-03-01 07:33:13.464479,Last Update Post Date,2026-03-02,2026-01-02
NCT04322357,2026-04-01 08:15:57.024034,2026-03-01 07:33:13.464479,Overall Status,Completed,Active Not Recruiting
NCT04322357,2026-04-01 08:15:57.024034,2026-03-01 07:33:13.464479,Has Results,True,False
NCT04322357,2026-04-01 08:15:57.024034,2026-03-01 07:33:13.464479,Intervention Name,"Prednisone, Exercise Training on standard steroid regimen, Exercise training on twice-weekly steroids","Prednisone, In-home Exercise Training, Prednisone plus exercise"
NCT04322357,2026-04-01 08:15:57.024034,2026-03-01 07:33:13.464479,Enrollment Count,21.0,89.0
NCT04322357,2026-04-01 08:15:57.024034,2026-03-01 07:33:13.464479,Primary Completion Date,2024-12-04,2025-09-05
NCT04322357,2026-04-01 08:15:57.024034,2026-03-01 07:33:13.464479,Completion Date,2025-09-04,2025-10-07
NCT04322357,2026-04-01 08:15:57.024034,2026-03-01 07:33:13.464479,Last Update Post Date,2026-03-13,2025-02-27
NCT04371666,2026-02-01 07:37:25.453478,2026-01-01 07:23:50.780214,Lead Sponsor Name,Kyntra Bio,FibroGen
NCT04428476,2025-12-01 07:23:31.834092,2025-11-01 07:17:18.276233,Brief Summary,"This Phase 2, multi-center, open-label extension trial will provide deramiocel (CAP-1002) to subjects that were enrolled in the HOPE-2 trial and completed 12 months of follow-up. The trial will explore the safety and efficacy of twenty intravenous administrations of deramiocel, each separated by three months, over a period of approximately 60 months. Following completion of the initial open-label phase (Month 60), subjects who have completed all Month 60 assessments will be eligible to continue into a long-term open label extension (LT-OLE) period and can continue to receive deramiocel once every 3 months until deramiocel is commercially available or the sponsor terminates the study, or the subject withdraws consent or study participation is terminated by the sponsor.
Subjects will undergo a targeted screening during a 30-day screening period, eligible subjects will then undergo baseline safety and efficacy assessments on Day 1 prior to their first infusion of deramiocel.
Subjects will complete trial assessments at Screening; Day 1; Months 3, 6, 9, 12, 15, 18, 21, 24, 27, 30, 33, 36, 39, 42, 45, 48, 51, 54, 57, 60, and all LT-OLE visits. Safety and efficacy assessments will be conducted prior to deramiocel administration at the Day 1, Months 3, 6, 9, 12, 15, 18, 21, 24, 27, 30, 33, 36, 39, 42, 45, 48, 51, 54, 57, and at all LT-OLE trial visits, unless otherwise indicated.
All deramiocel infusions will be conducted in an outpatient setting at the investigative site on Day 1 and Months 3, 6, 9, 12, 15, 18, 21, 24, 27, 30, 33, 36, 39, 42, 45, 48, 51, 54, 57, with continued dosing in the LT-OLE visits. Subjects will be observed in the outpatient setting for at least two hours post infusion and then discharged the same day, if medically cleared by the site Investigator.","This Phase 2, multi-center, open-label extension trial will provide deramiocel (CAP-1002) to subjects that were enrolled in the HOPE-2 trial and completed 12 months of follow-up. The trial will explore the safety and efficacy of twenty intravenous administrations of deramiocel, each separated by three months. Subjects will undergo a targeted screening during a 30-day screening period, eligible subjects will then undergo baseline safety and efficacy assessments on Day 1 prior to their first infusion of deramiocel.
Subjects will complete trial assessments at Screening; Day 1; Months 3, 6, 9, 12, 15, 18, 21, 24, 27, 30, 33, 36, 39, 42, 45, 48, 51, 54, 57, and 60. Safety and efficacy assessments will be conducted prior to deramiocel administration at the Day 1, Months 3, 6, 9, 12, 15, 18, 21, 24, 27, 30, 33, 36, 39, 42, 45, 48, 51, 54, and 57 trial visits, unless otherwise indicated.
All deramiocel infusions will be conducted in an outpatient setting at the investigative site on Day 1 and Months 3, 6, 9, 12, 15, 18, 21, 24, 27, 30, 33, 36, 39, 42, 45, 48, 51, 54, and 57. Subjects will be observed in the outpatient setting for at least two hours post infusion and then discharged the same day, if medically cleared by the site Investigator."
NCT04626674,2026-01-01 07:23:50.780214,2025-12-01 07:23:31.834092,Overall Status,Recruiting,Active Not Recruiting
NCT04626674,2026-01-01 07:23:50.780214,2025-12-01 07:23:31.834092,Primary Outcome Measure,"Part 1 (Cohorts 1 to 5): Change from Baseline in Quantity of Delandistrogene Moxeparvovec Dystrophin Expression at Week 12, as Measured by Western Blot, Part 1 (Cohorts 6 to 8): Quantity of Delandistrogene Moxeparvovec Dystrophin Expression at Week 12 as Measured by Western Blot, Cohort 8: Number of Participants with Acute Liver Injury (ALI)","Part 1: Change from Baseline in Quantity of Delandistrogene Moxeparvovec Dystrophin Expression at Week 12, as Measured by Western Blot, Part 1: Quantity of Delandistrogene Moxeparvovec Dystrophin Expression at Week 12 as Measured by Western Blot"
NCT04626674,2026-01-01 07:23:50.780214,2025-12-01 07:23:31.834092,Secondary Outcome Measure,"Vector Shedding, Measured in Urine, Saliva, and Stool Samples Post-Infusion, Level of Antibody Titers to Recombinant Adeno-Associated Virus Serotype rh74 (rAAVrh74), Number of Participants With Treatment Emergent Adverse Events (TEAEs), Serious Adverse Events (SAEs) and Adverse Events of Special Interest (AESIs), Cohort 8: Number of Participants With Infections, Edema, Wound-healing Complications, Hyperlipidemia, Angioedema, and Intestinal Lung Disease/ Non-infectious Pneumonitis, Change from Baseline in Quantity of Delandistrogene Moxeparvovec Dystrophin Protein Expression at Week 12, as Measured by Immunofluorescence (IF) Fiber Intensity, Change from Baseline in Quantity of Delandistrogene Moxeparvovec Dystrophin Protein Expression at Week 12, as Measured by IF Percent Dystrophin Positive Fibers (PDPF), Quantity of Delandistrogene Moxeparvovec Dystrophin Protein Expression at Week 12 as Measured by IF Fiber Intensity, Quantity of Delandistrogene Moxeparvovec Dystrophin Protein Expression at Week 12 as Measured by IF PDPF, Cohort 8: Number of Participants With Hepatic AEs, Hepatic Biomarkers, and Laboratory Assessments Indicative of Either Acute Hepatocellular Injury or Acute Liver Dysfunction, Cohort 8: Number of Participants with Severe ALI, Cohort 8: Duration of Steroids Administered","Vector Shedding, Measured in Urine, Saliva, and Stool Samples Post-Infusion, Level of Antibody Titers to Recombinant Adeno-Associated Virus Serotype rh74 (rAAVrh74), Number of Participants With Treatment Emergent Adverse Events (TEAEs), Serious Adverse Events (SAEs) and Adverse Events (AEs) of Special Interest, Change from Baseline in Quantity of Delandistrogene Moxeparvovec Dystrophin Protein Expression at Week 12, as Measured by Immunofluorescence (IF) Fiber Intensity, Change from Baseline in Quantity of Delandistrogene Moxeparvovec Dystrophin Protein Expression at Week 12, as Measured by IF Percent Dystrophin Positive Fibers (PDPF), Quantity of Delandistrogene Moxeparvovec Dystrophin Protein Expression at Week 12 as Measured by IF Fiber Intensity:, Quantity of Delandistrogene Moxeparvovec Dystrophin Protein Expression at Week 12 as Measured by IF PDPF"
NCT04626674,2026-01-01 07:23:50.780214,2025-12-01 07:23:31.834092,Enrollment Count,83.0,55.0
NCT04626674,2026-04-01 08:15:57.024034,2026-03-01 07:33:13.464479,Last Update Post Date,2026-03-04,2025-12-29
NCT04626674,2026-05-01 09:01:11.670236,2026-04-01 08:15:57.024034,Last Update Post Date,2026-04-06,2026-03-04
NCT04632940,2026-02-01 07:37:25.453478,2026-01-01 07:23:50.780214,Lead Sponsor Name,Kyntra Bio,FibroGen
NCT04708314,2026-05-01 09:01:11.670236,2026-04-01 08:15:57.024034,Last Update Post Date,2026-04-03,2021-05-17
NCT04768062,2026-04-01 08:15:57.024034,2026-03-01 07:33:13.464479,Overall Status,Unknown,Active Not Recruiting
NCT04906460,2025-10-01 07:19:32.349441,2025-09-01 07:20:22.089753,Brief Summary,"This is a Phase 1b/2 open-label study to evaluate the safety, tolerability, pharmacokinetic (PK), pharmacodynamic (PD), and clinical effects of intravenous (IV) WVE-N531 in patients with Duchenne muscular dystrophy (DMD). To participate in the study, patients must have a documented mutation of the DMD gene that is amenable to exon 53 skipping intervention. This study has 3 parts, Part A, Part B, including Part B Extension Arm, and Part C. Part A is completed. Part B is completed. Following completion of Part B, all patients elected to continue to receive study drug in the optional Part B open-label Extension Arm. Part C has been added to the study and will enroll new patients.","This is a Phase 1b/2 open-label study to evaluate the safety, tolerability, pharmacokinetic (PK), pharmacodynamic (PD), and clinical effects of intravenous (IV) WVE-N531 in patients with Duchenne muscular dystrophy (DMD). To participate in the study, patients must have a documented mutation of the DMD gene that is amenable to exon 53 skipping intervention. This study has 2 parts, Part A and Part B. Part A is completed. Part B is completed. Following completion of Part B, all patients have elected to continue to receive study drug in an optional open-label extension arm."
NCT04906460,2025-10-01 07:19:32.349441,2025-09-01 07:20:22.089753,Primary Outcome Measure,"Part A: Safety: Proportion of patients with adverse events (AEs), Part B: Pharmacodynamics: Dystrophin level (% normal dystrophin) as assessed by Western blot of muscle tissue following multiple doses of WVE-N531, Part C: Pharmacodynamics: Change from baseline dystrophin level (% normal dystrophin) as assessed by a validated assay analysis in muscle tissue following multiple doses of WVE-N531",Pharmacodynamics: Dystrophin level (% normal dystrophin) as assessed by Western blot of muscle tissue following multiple doses of WVE-N531
NCT04906460,2025-10-01 07:19:32.349441,2025-09-01 07:20:22.089753,Secondary Outcome Measure,"Part A: Pharmacokinetics: Concentration of WVE-N531 in muscle tissue, Part A: Pharmacodynamics: Dystrophin level (% normal dystrophin) as assessed by Western blot of muscle tissue following multiple doses of WVE-N531, Part B: North Star Ambulatory Assessment (NSAA) (Version 2.0), including time to stand and a timed 10-meter walk/run, with a range of 0 to 34 where higher scores indicate better outcome., Part B: Performance of the Upper Limb (PUL) (Version 2.0) with a range of 0 to 64 where higher scores indicate a better outcome., Part B: Stride Velocity 95th Centile (SV95C)/upper limb outcome (non-ambulatory patients), Part C: North Star Ambulatory Assessment (NSAA) (Version 2.0), including time to stand and a timed 10-meter walk/run, with a range of 0 to 34 where higher scores indicate better outcome., Part C: Performance of the Upper Limb (PUL) (Version 2.0) with a range of 0 to 64 where higher scores indicate a better outcome., Part C: Stride Velocity 95th Centile (SV95C)/upper limb outcome (non-ambulatory patients)","North Star Ambulatory Assessment (NSAA) (Version 2.0), including time to stand and a timed 10-meter walk/run, with a range of 0 to 34 where higher scores indicate better outcome., Performance of the Upper Limb (PUL) (Version 2.0) with a range of 0 to 64 where higher scores indicate a better outcome., Stride Velocity 95th Centile (SV95C)/upper limb outcome (non-ambulatory patients)"
NCT04906460,2025-10-01 07:19:32.349441,2025-09-01 07:20:22.089753,Minimum Age,4 Years,5 Years
NCT04906460,2025-10-01 07:19:32.349441,2025-09-01 07:20:22.089753,Minimum Age Months,48.0,60.0
NCT04906460,2025-10-01 07:19:32.349441,2025-09-01 07:20:22.089753,Enrollment Count,26.0,11.0
NCT04906460,2025-11-01 07:17:18.276233,2025-10-01 07:19:32.349441,Overall Status,Recruiting,Active Not Recruiting
NCT05016908,2025-11-01 07:17:18.276233,2025-10-01 07:19:32.349441,Overall Status,Unknown,Recruiting
NCT05016908,2025-12-01 07:23:31.834092,2025-11-01 07:17:18.276233,Overall Status,Recruiting,Unknown
NCT05096221,2025-08-01 07:26:41.414466,2025-07-01 07:21:37.005046,Secondary Outcome Measure,"Part 1: Quantity of Delandistrogene Moxeparvovec Dystrophin Protein Expression at Week 12 as Measured by Western Blot Adjusted by Muscle Content, Part 1: Change From Baseline in Time to Rise From the Floor at Week 52, Part 1: Change From Baseline in Time to Complete 10 Meter Walk/Run (10MWR) at Week 52, Part 1: Change From Baseline in Time to Complete 100 Meter Walk/Run (100MWR) at Week 52, Part 1: Change From Baseline in the Timed Stair Ascend 4 Steps Test at Week 52, Part 1: Change From Baseline in Stride Velocity 95th Centile (SV95C) at Week 52, Part 1: Change From Baseline in Patient-Reported Outcomes Measurement Information System (PROMIS) Score in Mobility to Week 52, Part 1: Change From Baseline in PROMIS Score in Upper Extremity Function to Week 52, Part 1: Number of Skills Gained or Improved at Week 52 as Measured by the NSAA, Parts 1 and 2: Number of Participants With Treatment Emergent Adverse Events (TEAEs) and Serious Adverse Events (SAEs), Parts 1 and 2: Number of Participants With Adverse Events of Special Interest (AESI)","Part 1: Quantity of Delandistrogene Moxeparvovec Dystrophin Protein Expression at Week 12 as Measured by Western Blot Adjusted by Muscle Content, Part 1: Change From Baseline in Time to Rise From the Floor at Week 52, Part 1: Change From Baseline in Time to Complete 10 Meter Walk/Run (10MWR) at Week 52, Part 1: Change From Baseline in Time to Complete 100 Meter Walk/Run (100MWR) at Week 52, Part 1: Change From Baseline in the Timed Stair Ascend 4 Steps Test at Week 52, Part 1: Change From Baseline in Stride Velocity 95th Centile (SV95C) at Week 52, Part 1: Change From Baseline in Patient-Reported Outcomes Measurement Information System (PROMIS) Score in Mobility to Week 52, Part 1: Change From Baseline in PROMIS Score in Upper Extremity Function to Week 52, Part 1: Number of Skills Gained or Improved at Week 52 as Measured by the NSAA, Part 1: Number of Participants With Treatment Emergent Adverse Events (TEAEs) and Serious Adverse Events (SAEs), Part 1: Number of Participants With Adverse Events of Special Interest (AESI)"
NCT05102916,2026-02-01 07:37:25.453478,2026-01-01 07:23:50.780214,Collaborator Name,"University Children's Hospital Basel, Insel Gruppe AG, University Hospital Bern, University of Lausanne Hospitals, Ente Ospedaliero Cantonale, Bellinzona, University Children's Hospital, Zurich, University Hospital, Zürich, SwissPedNet - Swiss Research Network of Clinical Pediatric Hubs","University Children's Hospital Basel, Insel Gruppe AG, University Hospital Bern, University of Lausanne Hospitals, Ente Ospedaliero Cantonale, Bellinzona, University Children's Hospital, Zurich"
NCT05126758,2025-07-01 07:21:37.005046,2025-06-01 07:18:56.003730,Secondary Outcome Measure,"Change in cardiac muscle function and structure by assessment of left ventricular ejection fraction, Change in cardiac muscle function and structure by assessment of left ventricular end-systolic volume, Change in cardiac muscle function and structure by assessment of left ventricular end-diastolic volume, Change in elbow and distal level upper limb function, Change in Global Statistical Test (Total GST) combining upper limb function, cardiac muscle function, and patient reported measure of disease severity, Changes in cardiac inflammation biomarker, creatine kinase MB isoenzyme [CK-MB], Change in hand-to-mouth function in the context of functional eating, Change in hand-to-mouth function, Number of patients with total loss of hand-to-mouth function, Changes in patient-reported upper limb function","Change in cardiac muscle function and structure by assessment of left ventricular ejection fraction, Change in cardiac muscle function and structure by assessment of left ventricular end-systolic volume, Change in cardiac muscle function and structure by assessment of left ventricular end-diastolic volume, Change in elbow and distal level upper limb function, Change in Global Statistical Test (Total GST) combining upper limb function, cardiac muscle function, and patient reported measure of disease severity, Change in hand-to-mouth function in the context of functional eating, Change in hand-to-mouth function, Number of patients with total loss of hand-to-mouth function, Changes in patient-reported upper limb function, Changes in cardiac inflammation biomarker, creatine kinase MB isoenzyme [CK-MB]"
NCT05126758,2026-01-01 07:23:50.780214,2025-12-01 07:23:31.834092,Secondary Outcome Measure,"Change in cardiac muscle function and structure by assessment of left ventricular ejection fraction, Change in mid-level (elbow) upper limb function, Change in Global Statistical Test (Total GST) combining upper limb function, cardiac muscle function, and patient reported measure of disease severity, Change in the number of segments of myocardial scarring (Cohort B only), Change in cardiac muscle function and structure by assessment of left ventricular end-systolic volume, Change in cardiac muscle function and structure by assessment of left ventricular ejection fraction in subjects with documented cardiomyopathy, Change in a global statistical test (Cardiac GST) combining assessments of cardiac muscle function and structure, Change in percentage of myocardial scarring (Cohort B only), Change in hand-to-mouth function in the context of functional eating, Changes in cardiac inflammation biomarker, creatine kinase MB isoenzyme [CK-MB]","Change in cardiac muscle function and structure by assessment of left ventricular ejection fraction, Change in cardiac muscle function and structure by assessment of left ventricular end-systolic volume, Change in cardiac muscle function and structure by assessment of left ventricular end-diastolic volume, Change in elbow and distal level upper limb function, Change in Global Statistical Test (Total GST) combining upper limb function, cardiac muscle function, and patient reported measure of disease severity, Changes in cardiac inflammation biomarker, creatine kinase MB isoenzyme [CK-MB], Change in hand-to-mouth function in the context of functional eating, Change in hand-to-mouth function, Number of patients with total loss of hand-to-mouth function, Changes in patient-reported upper limb function"
NCT05126758,2026-01-01 07:23:50.780214,2025-12-01 07:23:31.834092,Enrollment Count,106.0,104.0
NCT05160415,2025-07-01 07:21:37.005046,2025-06-01 07:18:56.003730,Brief Summary,"The ARCH study was an open-label, single-center, Phase 1b study of sevasemtem (EDG-5506) to assess the safety and pharmacokinetics (PK) of sevasemten in adults with Becker muscular dystrophy (BMD).
Sevasemten is an investigational product intended to protect and improve function of dystrophic muscle fibers.","The ARCH study is an open-label, single-center, Phase 1b study of sevasemtem (EDG-5506) to assess the safety and pharmacokinetics (PK) of sevasemten in adults with Becker muscular dystrophy (BMD).
Sevasemten is an investigational product intended to protect and improve function of dystrophic muscle fibers."
NCT05160415,2025-07-01 07:21:37.005046,2025-06-01 07:18:56.003730,Has Results,True,False
NCT05160415,2025-07-01 07:21:37.005046,2025-06-01 07:18:56.003730,Primary Outcome Measure,"Percentage of Participants Treated With Sevasemten Experiencing AEs, Frequency of AEs in Those Treated With Sevasemten, Number of Participants Treated With Sevasemten With AEs by Maximum Severity","Incidence of AEs in those treated with sevasemten, Frequency of AEs in those treated with sevasemten, Severity of AEs in those treated with sevasemten"
NCT05160415,2025-07-01 07:21:37.005046,2025-06-01 07:18:56.003730,Secondary Outcome Measure,"Percentage of Participants Experiencing Treatment-Emergent Abnormal Clinical Chemistry Test Results, Percentage of Participants Experiencing Treatment-Emergent Abnormal Hematology Test Results, Percentage of Participants Experiencing Treatment-Emergent Abnormal Coagulation Test Results, Percentage of Participants Experiencing Treatment-Emergent Abnormal Urinalysis Test Results, Number of Participants With Clinically Significant Changes in Clinical Chemistry, Number of Participants With Clinically Significant Changes in Hematology, Number of Participants With Clinically Significant Changes in Coagulation, Number of Participants With Clinically Significant Changes in Urinalysis, Number of Participants With Clinically Significant Changes in Vital Signs, Number of Participants With Clinically Significant Changes in Physical and Neurological Examinations, Number of Participants With Clinically Significant Changes in ECG PR Interval, Number of Participants With Clinically Significant Changes in ECG QRS Interval, Number of Participants With Clinically Significant Changes in ECG QT Interval, Number of Participants With Clinically Significant Changes in ECG QTc Interval, Number of Participants With Clinically Significant Changes in Forced Vital Capacity (FVC), Number of Participants With Clinically Significant Changes in Forced Expiratory Volume in 1 Second (FEV1), Number of Participants With Clinically Significant Changes in Cardiac Function as Assessed by Echocardiogram, Number of Participants With Clinically Significant Changes in Columbia Suicide Severity Rating Scale (C-SSRS), Plasma Sevasemten (EDG-5506) Concentrations at Sample Timepoints","Incidence of treatment-emergent abnormal clinical chemistry test results, Incidence of treatment-emergent abnormal hematology test results, Incidence of treatment-emergent abnormal coagulation test results, Incidence of treatment-emergent abnormal urinalysis test results, Number of participants with changes in clinical chemistry, Number of participants with changes in hematology, Number of participants with changes in coagulation, Number of participants with changes in urinalysis, Number of participants with changes in vital signs, Number of participants with changes in physical examination, Number of participants with changes in ECG PR Interval, Number of participants with changes in ECG QRS Interval, Number of participants with changes in ECG QT Interval, Number of participants with changes in ECG QTc Interval, Number of participants with changes in FVC, Number of participants with changes in FEV1"
NCT05166109,2025-10-01 07:19:32.349441,2025-09-01 07:20:22.089753,Overall Status,Completed,Active Not Recruiting
NCT05166109,2025-10-01 07:19:32.349441,2025-09-01 07:20:22.089753,Enrollment Count,46.0,39.0
NCT05185622,2025-11-01 07:17:18.276233,2025-10-01 07:19:32.349441,Has Results,True,False
NCT05185622,2025-11-01 07:17:18.276233,2025-10-01 07:19:32.349441,Primary Outcome Measure,"Number of Participants With Any Adverse Events as Assessed by Common Terminology Criteria for Adverse Events Version 4.03 (CTCAE v4.03), Number of Participants With Drug Related Adverse Events as Assessed by Common Terminology Criteria for Adverse Events Version 4.03 (CTCAE v4.03), Number of Participants With Severe Adverse Events as Assessed by Common Terminology Criteria for Adverse Events Version 4.03 (CTCAE v4.03), Number of Participants With Serious Adverse Events as Assessed by Common Terminology Criteria for Adverse Events Version 4.03 (CTCAE v4.03), Number of Participants With Adverse Events as Assessed by Common Terminology Criteria for Adverse Events Version 4.03 (CTCAE v4.03) Leading to Study Treatment Discontinuation, Change in Height (Absolute) From Baseline to Week 12, Change in Height (Percentile) From Baseline to Week 12, Change in Height (Z-score) From Baseline to Week 12, Change in Weight (Absolute) From Baseline to Week 12, Change in Weight (Percentile) From Baseline to Week 12, Change in Weight (Z-score) From Baseline to Week 12, Change in Body Mass Index (BMI) (Absolute) From Baseline to Week 12, Change in Body Mass Index (BMI) (Percentile) From Baseline to Week 12, Change in Body Mass Index (BMI) (Z-score) From Baseline to Week 12, Change in Diastolic Blood Pressure, Change in Systolic Blood Pressure, Number of Participants With Treatment Emergent Cushingoid Features, Number of Participants With Clinically Significant Treatment-emergent Abnormal Clinical Laboratory Test Result, Categorical Analysis of QTcF at Week 12, Number of Eyes With Cataract, Number of Eyes With Glaucoma","Change in Body Mass Index (BMI) from baseline to Week 12, Change in Body Mass Index (BMI) z-score from baseline to Week 12, Change in Weight from baseline to each of the scheduled on treatment and post-treatment assessment time points, Change in Height from baseline to Week 12, Change in Height z score from baseline to Week 12, Change in sitting blood pressure from baseline to each of the scheduled on-treatment and post-treatment assessment time points, Change in heart rate from baseline to each of the scheduled on-treatment and post-treatment assessment time points, Change in respiratory rate from baseline to each of the scheduled on-treatment and post-treatment assessment time points, Change in body temperature from baseline to each of the scheduled on-treatment and post-treatment assessment time points, Number of participants with Cushingoid features, Number of participants with abnormal blood laboratory test results, Number of participants with abnormal urine laboratory test results, Number of participants with abnormal ECGs, Number of participants with Glaucoma, Number of participants with Cataracts, Number of Participants with Adverse Events as Assessed by Common Terminology Criteria for Adverse Events version 4.03 (CTCAE v4.03)"
NCT05185622,2025-11-01 07:17:18.276233,2025-10-01 07:19:32.349441,Secondary Outcome Measure,"Pre-dose and Post-dose Plasma Concentration Measurements of Vamorolone at Day 1 and Week 2, Descriptive Statistics of PK Parameters - Tmax, Descriptive Statistics of PK Parameters - Cmax, Descriptive Statistics of PK Parameters in Subjects Aged 2 to 4 Years - AUC 0-6, Descriptive Statistics of PK Parameters in Subjects Aged 7 to 18 Years - AUC 0-inf","Area under the Curve infinity (AUCinf) following oral administration, Change in morning cortisol concentration from baseline to Week 12, Change in fasting serum concentration of glucose from baseline to Week 12, Change in fasting serum concentration of insulin from baseline to Week 12, Change in serum concentration of hemoglobin A1c (HbA1c) from baseline to Week 12"
NCT05249361,2026-01-01 07:23:50.780214,2025-12-01 07:23:31.834092,Overall Status,Unknown,Recruiting
NCT05280730,2025-09-01 07:20:22.089753,2025-08-01 07:26:41.414466,Overall Status,Completed,Recruiting
NCT05280730,2025-09-01 07:20:22.089753,2025-08-01 07:26:41.414466,Enrollment Count,50.0,90.0
NCT05291091,2025-10-01 07:19:32.349441,2025-09-01 07:20:22.089753,Brief Summary,"A study of sevasemten (EDG-5506) in Becker muscular dystrophy (known as CANYON) and pivotal cohort (known as GRAND CANYON). The EDG-5506-201 CANYON study was expanded to include an additional 120 adult participants in a cohort called GRAND CANYON, that is a multicenter, randomized, double-blind, placebo-controlled study to evaluate the safety and efficacy of sevasemten in adults with Becker.
CANYON and GRAND CANYON are fully enrolled.","A study of sevasemten (EDG-5506) in Becker muscular dystrophy (known as CANYON) and pivotal cohort (known as GRAND CANYON). The EDG-5506-201 CANYON study was expanded to include an additional 120 adult participants in a cohort called GRAND CANYON, that is a multicenter, randomized, double-blind, placebo-controlled study to evaluate the safety and efficacy of sevasemten in adults with Becker.
CANYON is fully enrolled; GRAND CANYON is currently enrolling."
NCT05291091,2026-03-01 07:33:13.464479,2026-02-01 07:37:25.453478,Enrollment Count,244.0,175.0
NCT05291091,2026-03-01 07:33:13.464479,2026-02-01 07:37:25.453478,Last Update Post Date,2026-02-02,2025-12-01
NCT05291091,2026-04-01 08:15:57.024034,2026-03-01 07:33:13.464479,Last Update Post Date,2026-03-24,2026-02-02
NCT05429372,2025-11-01 07:17:18.276233,2025-10-01 07:19:32.349441,Overall Status,Terminated,Active Not Recruiting
NCT05464446,2025-10-01 07:19:32.349441,2025-09-01 07:20:22.089753,Lead Sponsor Name,Lokman Hekim University,Lokman Hekim Üniversitesi
NCT05524883,2025-08-01 07:26:41.414466,2025-07-01 07:21:37.005046,Secondary Id,"2023-510351-31-00, ITA 362546 (model PA-000798)",2023-510351-31-00
NCT05540860,2025-12-01 07:23:31.834092,2025-11-01 07:17:18.276233,Secondary Outcome Measure,"Incidence of laboratory test-related treatment emergent adverse events, Pharmacokinetics as measured by steady state plasma concentration, Change from Baseline in serum creatinine kinase, Change from Baseline in fast skeletal muscle troponin I","Incidence of abnormal clinical chemistry test results, Incidence of abnormal hematology test results, Incidence of abnormal coagulation test results, Incidence of abnormal urinalysis test results, Pharmacokinetics as measured by steady state plasma concentration, Change from Baseline in serum creatinine kinase, Change from Baseline in fast skeletal muscle troponin I"
NCT05601986,2026-04-01 08:15:57.024034,2026-03-01 07:33:13.464479,Overall Status,Unknown,Recruiting
NCT05670730,2025-08-01 07:26:41.414466,2025-07-01 07:21:37.005046,Brief Title,Study of AOC 1044 in Healthy Adult Volunteers and Participants With Duchenne Muscular Dystrophy (DMD) Mutations Amenable to Exon 44 Skipping,Study of AOC 1044 in Healthy Adult Volunteers and Participants with Duchenne Muscular Dystrophy (DMD) Mutations Amenable to Exon 44 Skipping
NCT05683379,2025-12-01 07:23:31.834092,2025-11-01 07:17:18.276233,Brief Title,AFFINITY BEYOND: Anti-AAV8 Antibody Assessment Study of Males With DMD,AFFINITY BEYOND: Anti-AAV8 Antibody Assessment Study of Boys With DMD
NCT05683379,2025-12-01 07:23:31.834092,2025-11-01 07:17:18.276233,Maximum Age,25 Years,11 Years
NCT05683379,2025-12-01 07:23:31.834092,2025-11-01 07:17:18.276233,Maximum Age Months,300.0,132.0
NCT05683379,2025-12-01 07:23:31.834092,2025-11-01 07:17:18.276233,Std Age,"Child, Adult",Child
NCT05689164,2025-07-01 07:21:37.005046,2025-06-01 07:18:56.003730,Enrollment Count,7.0,6.0
NCT05689164,2025-11-01 07:17:18.276233,2025-10-01 07:19:32.349441,Overall Status,Terminated,Active Not Recruiting
NCT05693142,2025-10-01 07:19:32.349441,2025-09-01 07:20:22.089753,Brief Summary,"RGX-202 is a gene therapy designed to deliver a transgene for a novel microdystrophin that includes functional elements of naturally-occurring dystrophin including the C-Terminal (CT) domain.
This is a multicenter, open-label dose evaluation clinical study to assess the safety, tolerability, and clinical efficacy of a one-time intravenous (IV) dose of RGX-202 in participants with Duchenne.
For additional information on how to participate (or be considered for the study), please follow this link: https://mytomorrows.com/trials/affinity-duchenne","RGX-202 is a gene therapy designed to deliver a transgene for a novel microdystrophin that includes functional elements of naturally-occurring dystrophin including the C-Terminal (CT) domain.
This is a multicenter, open-label dose evaluation clinical study to assess the safety, tolerability, and clinical efficacy of a one-time intravenous (IV) dose of RGX-202 in participants with Duchenne."
NCT05693142,2025-12-01 07:23:31.834092,2025-11-01 07:17:18.276233,Brief Summary,"RGX-202 is a gene therapy designed to deliver a transgene for a novel microdystrophin that includes functional elements of naturally-occurring dystrophin including the C-Terminal (CT) domain.
This is a multicenter, open-label dose evaluation clinical study to assess the safety, tolerability, and clinical efficacy of a one-time intravenous (IV) dose of RGX-202 in participants with Duchenne.
For additional information on how to participate (or be considered for the study), please follow this link: https://mytomorro.ws/affinity-ct-gov","RGX-202 is a gene therapy designed to deliver a transgene for a novel microdystrophin that includes functional elements of naturally-occurring dystrophin including the C-Terminal (CT) domain.
This is a multicenter, open-label dose evaluation clinical study to assess the safety, tolerability, and clinical efficacy of a one-time intravenous (IV) dose of RGX-202 in participants with Duchenne.
For additional information on how to participate (or be considered for the study), please follow this link: https://mytomorrows.com/trials/affinity-duchenne"
NCT05712447,2026-04-01 08:15:57.024034,2026-03-01 07:33:13.464479,Overall Status,Completed,Active Not Recruiting
NCT05712447,2026-04-01 08:15:57.024034,2026-03-01 07:33:13.464479,Collaborator Name,United States Department of Defense,Department of Defense Duchenne Muscular Dystrophy Research Program
NCT05712447,2026-04-01 08:15:57.024034,2026-03-01 07:33:13.464479,Enrollment Count,150.0,180.0
NCT05712447,2026-04-01 08:15:57.024034,2026-03-01 07:33:13.464479,Primary Completion Date,2026-01-11,2026-03-01
NCT05712447,2026-04-01 08:15:57.024034,2026-03-01 07:33:13.464479,Completion Date,2026-01-11,2026-06-01
NCT05712447,2026-04-01 08:15:57.024034,2026-03-01 07:33:13.464479,Last Update Post Date,2026-03-10,2024-11-14
NCT05715957,2025-07-01 07:21:37.005046,2025-06-01 07:18:56.003730,Overall Status,Enrolling By Invitation,Not Yet Recruiting
NCT05753462,2026-04-01 08:15:57.024034,2026-03-01 07:33:13.464479,Overall Status,Unknown,Recruiting
NCT05881408,2025-07-01 07:21:37.005046,2025-06-01 07:18:56.003730,Overall Status,Active Not Recruiting,Recruiting
NCT05967351,2026-03-01 07:33:13.464479,2026-02-01 07:37:25.453478,Brief Summary,The purpose of this study is to provide a single clinical study with a uniform approach to monitoring long-term safety and efficacy in participants who received delandistrogene moxeparvovec in a previous clinical study. No study drug will be administered as part of this study.,The purpose of this study is to provide a single clinical study with a uniform approach to monitoring long-term safety and efficacy in participants who received delandistrogene moxeparvovec in a previous clinical study. No study drug will be administered as part of this study. Pre-infusion baseline will be defined as the timepoint just prior to infusion of delandistrogene moxeparvovec from a previous clinical study. Each participant will be followed for a minimum of 5 years post-infusion of delandistrogene moxeparvovec from a previous clinical study. The duration of participation in this study is dependent on the length of follow-up the participant completed post-infusion of delandistrogene moxeparvovec from a previous clinical study.
NCT05967351,2026-03-01 07:33:13.464479,2026-02-01 07:37:25.453478,Secondary Outcome Measure,"Change in the North Star Ambulatory Assessment (NSAA) Total Score From Pre-infusion Baseline of Delandistrogene Moxeparvovec to the End of the Study Participation, Change in Time to Rise From Floor From Pre-infusion Baseline of Delandistrogene Moxeparvovec to the End of the Study Participation, Change in the Time of 10-meter Walk/Run (10MWR) From Pre-infusion Baseline of Delandistrogene Moxeparvovec to the End of the Study Participation, Change in Performance of Upper Limb (PUL) (Version 2.0) Total Scores From Pre-infusion Baseline of Delandistrogene Moxeparvovec to the End of the Study Participation, Change in PUL (Version 2.0) Domain Specific Scores From Pre-infusion Baseline of Delandistrogene Moxeparvovec to the End of the Study Participation, Change in Forced Vital Capacity Percent (FVC%) Predicted From Pre-infusion Baseline of Delandistrogene Moxeparvovec to the End of the Study Participation, Change in Peak Expiratory Flow Percent (PEF%) Predicted From Pre-infusion Baseline to the End of the Study Participation of Delandistrogene Moxeparvovec, Change in Cardiac Magnetic Resonance Imaging (MRI) Findings From Pre-infusion Baseline of Delandistrogene Moxeparvovec to the End of the Study Participation, Change in Musculoskeletal MRI Findings From Pre-infusion Baseline of Delandistrogene Moxeparvovec to the End of the Study Participation","Change in the North Star Ambulatory Assessment (NSAA) Total Score From Pre-infusion Baseline to 5 Years Post-infusion of Delandistrogene Moxeparvovec, Change in Time to Rise From Floor From Pre-infusion Baseline to 5 Years Post-infusion of Delandistrogene Moxeparvovec, Change in the Time of 10-meter Walk/Run (10MWR) From Pre-infusion Baseline to 5 Years Post-infusion of Delandistrogene Moxeparvovec, Change in Performance of Upper Limb (PUL) (Version 2.0) Total Scores From Pre-infusion Baseline to 5 Years Post-infusion of Delandistrogene Moxeparvovec, Change in PUL (Version 2.0) Domain Specific Scores From Pre-infusion Baseline to 5 Years Post-infusion of Delandistrogene Moxeparvovec, Change in Forced Vital Capacity Percent (FVC%) Predicted From Pre-infusion Baseline to 5 Years Post-infusion of Delandistrogene Moxeparvovec, Change in Peak Expiratory Flow Percent (PEF%) Predicted From Pre-infusion Baseline to 5 Years Post-infusion of Delandistrogene Moxeparvovec, Change in Cardiac Magnetic Resonance Imaging (MRI) Findings From Pre-infusion Baseline to 5 Years Post-infusion of Delandistrogene Moxeparvovec, Change in Musculoskeletal MRI Findings From Pre-infusion Baseline to 5 Years Post-infusion of Delandistrogene Moxeparvovec"
NCT05967351,2026-03-01 07:33:13.464479,2026-02-01 07:37:25.453478,Primary Completion Date,2033-10-31,2030-11-30
NCT05967351,2026-03-01 07:33:13.464479,2026-02-01 07:37:25.453478,Completion Date,2033-10-31,2030-11-30
NCT05967351,2026-03-01 07:33:13.464479,2026-02-01 07:37:25.453478,Last Update Post Date,2026-02-06,2025-01-17
NCT05967793,2025-08-01 07:26:41.414466,2025-07-01 07:21:37.005046,Overall Status,Unknown,Recruiting
NCT05996003,2025-10-01 07:19:32.349441,2025-09-01 07:20:22.089753,Condition,"Duchenne Muscular Dystrophy, Exon 44, DMD",Duchenne Muscular Dystrophy
NCT05996003,2026-04-01 08:15:57.024034,2026-03-01 07:33:13.464479,Last Update Post Date,2026-03-06,2025-12-03
NCT06013839,2025-10-01 07:19:32.349441,2025-09-01 07:20:22.089753,Overall Status,Unknown,Recruiting
NCT06053814,2026-05-01 09:01:11.670236,2026-04-01 08:15:57.024034,Overall Status,Active Not Recruiting,Recruiting
NCT06053814,2026-05-01 09:01:11.670236,2026-04-01 08:15:57.024034,Maximum Age,15 Years,14 Years
NCT06053814,2026-05-01 09:01:11.670236,2026-04-01 08:15:57.024034,Maximum Age Months,180.0,168.0
NCT06053814,2026-05-01 09:01:11.670236,2026-04-01 08:15:57.024034,Completion Date,2028-03-01,2027-05-01
NCT06053814,2026-05-01 09:01:11.670236,2026-04-01 08:15:57.024034,Last Update Post Date,2026-04-23,2025-09-10
NCT06066580,2026-03-01 07:33:13.464479,2026-02-01 07:37:25.453478,Last Update Post Date,2026-02-02,2025-12-01
NCT06066580,2026-04-01 08:15:57.024034,2026-03-01 07:33:13.464479,Last Update Post Date,2026-03-24,2026-02-02
NCT06079736,2025-11-01 07:17:18.276233,2025-10-01 07:19:32.349441,Overall Status,Terminated,Active Not Recruiting
NCT06100887,2025-12-01 07:23:31.834092,2025-11-01 07:17:18.276233,Secondary Outcome Measure,"Incidence of laboratory test-related treatment emergent adverse events, Pharmacokinetics as measured by steady state plasma concentration, Change from Baseline in serum creatine kinase, Change from Baseline in fast skeletal muscle troponin I","Incidence of abnormal clinical chemistry test results, Incidence of abnormal hematology test results, Incidence of abnormal coagulation test results, Incidence of abnormal urinalysis test results, Pharmacokinetics as measured by steady state plasma concentration, Change from Baseline in serum creatine kinase, Change from Baseline in fast skeletal muscle troponin I"
NCT06103006,2025-10-01 07:19:32.349441,2025-09-01 07:20:22.089753,Lead Sponsor Name,Lokman Hekim University,Lokman Hekim Üniversitesi
NCT06109103,2026-01-01 07:23:50.780214,2025-12-01 07:23:31.834092,Overall Status,Unknown,Not Yet Recruiting
NCT06114056,2025-07-01 07:21:37.005046,2025-06-01 07:18:56.003730,Overall Status,Active Not Recruiting,Recruiting
NCT06114056,2025-07-01 07:21:37.005046,2025-06-01 07:18:56.003730,Enrollment Count,3.0,6.0
NCT06114056,2026-04-01 08:15:57.024034,2026-03-01 07:33:13.464479,Last Update Post Date,2026-03-17,2025-06-18
NCT06128564,2025-07-01 07:21:37.005046,2025-06-01 07:18:56.003730,Secondary Id,"2022-000691-19, 2023-509901-57-00",2022-000691-19
NCT06128564,2026-03-01 07:33:13.464479,2026-02-01 07:37:25.453478,Overall Status,Active Not Recruiting,Recruiting
NCT06128564,2026-03-01 07:33:13.464479,2026-02-01 07:37:25.453478,Minimum Age Months,24.0,0.0
NCT06128564,2026-03-01 07:33:13.464479,2026-02-01 07:37:25.453478,Enrollment Count,13.0,21.0
NCT06128564,2026-03-01 07:33:13.464479,2026-02-01 07:37:25.453478,Primary Completion Date,2030-02-28,2034-01-30
NCT06128564,2026-03-01 07:33:13.464479,2026-02-01 07:37:25.453478,Last Update Post Date,2026-02-10,2025-12-24
NCT06138639,2025-07-01 07:21:37.005046,2025-06-01 07:18:56.003730,Brief Summary,"This is a multicenter, open-label, non-randomized study to investigate the safety, tolerability, and efficacy of a single intravenous (IV) infusion of SGT-003 in participants with Duchenne muscular dystrophy. There will be 5 cohorts in this study. Cohort 1 will include participants 4 to \< 7 years of age. Cohort 2 will include participants 7 to \< 12 years of age. Cohort 3 will include participants 0 to \< 4 years of age. Cohort 4 will include participants 12 to \< 18 years of age. Cohort 5 will include participants 10 to \< 18 years of age. Initiation of participant enrollment in Cohorts 4 and 5 will be subject to the accrual of safety and efficacy data from Cohorts 1-3. All participants will receive SGT-003 and will be enrolled in the study for 5 total years for long-term follow up.","This is a multicenter, open-label, non-randomized study to investigate the safety, tolerability, and efficacy of a single intravenous (IV) infusion of SGT-003 in participants with Duchenne muscular dystrophy. There will be 2 cohorts in this study. Cohort 1 will include participants 4 to \<7 years of age. Cohort 2 will include participants 7 to \<12 years of age. All participants will receive SGT-003 and will be enrolled in the study for 5 total years for long-term follow up."
NCT06138639,2025-07-01 07:21:37.005046,2025-06-01 07:18:56.003730,Primary Outcome Measure,"Incidence of treatment-emergent adverse events (AEs), Change from baseline in microdystrophin protein levels",Incidence of treatment-emergent adverse events (AEs)
NCT06138639,2025-07-01 07:21:37.005046,2025-06-01 07:18:56.003730,Secondary Outcome Measure,"Change from Baseline of Microdystrophin Tissue Distribution by Immunofluorescence (IF), Change from baseline in microdystrophin protein levels, Change from Baseline in Time to Rise Velocity, Change from baseline in stride velocity 95th centile (SV95C), Change from baseline in 10-meter walk/run velocity, Change from baseline in 4-stair climb velocity, Change from baseline in North Star Ambulatory Assessment (NSAA) total score, Change from baseline in 6-minute walk test (6MWT) distance, Number of Participants with Clinically Significant Abnormalities in Laboratory Parameters, Number of Participants with Clinically Significant Abnormalities in Vital Signs, Number of Participants with Clinically Significant Abnormalities in Physical Examinations, Number of Participants with Clinically Significant Abnormalities in Electrocardiogram (ECG) or Echocardiography (ECHO)","Change from baseline in microdystrophin protein levels, Change from baseline in North Star Ambulatory Assessment (NSAA) total score, Change from baseline in stride velocity 95th centile (SV95C)"
NCT06138639,2025-07-01 07:21:37.005046,2025-06-01 07:18:56.003730,Minimum Age,0 Years,4 Years
NCT06138639,2025-07-01 07:21:37.005046,2025-06-01 07:18:56.003730,Maximum Age,17 Years,11 Years
NCT06138639,2025-07-01 07:21:37.005046,2025-06-01 07:18:56.003730,Minimum Age Months,0.0,48.0
NCT06138639,2025-07-01 07:21:37.005046,2025-06-01 07:18:56.003730,Maximum Age Months,204.0,132.0
NCT06138639,2025-07-01 07:21:37.005046,2025-06-01 07:18:56.003730,Enrollment Count,40.0,43.0
NCT06138639,2026-01-01 07:23:50.780214,2025-12-01 07:23:31.834092,Primary Outcome Measure,"Incidence of treatment-emergent adverse events (AEs), Change from baseline in Microdystrophin Protein Levels","Incidence of treatment-emergent adverse events (AEs), Change from baseline in microdystrophin protein levels"
NCT06138639,2026-01-01 07:23:50.780214,2025-12-01 07:23:31.834092,Secondary Outcome Measure,"Change from Baseline of Microdystrophin Tissue Distribution by Immunofluorescence (IF), Change from baseline in Microdystrophin Protein Levels, Change from Baseline in Time to Rise Velocity, Change from baseline in Stride Velocity 95th Centile (SV95C), Change from baseline in 10-meter walk/run velocity, Change from baseline in 4-stair climb velocity, Change from baseline in North Star Ambulatory Assessment (NSAA) total score, Change from baseline in 6-minute walk test (6MWT) distance, Number of Participants with Clinically Significant Abnormalities in Laboratory Parameters, Number of Participants with Clinically Significant Abnormalities in Vital Signs, Number of Participants with Clinically Significant Abnormalities in Physical Examinations, Number of Participants with Clinically Significant Abnormalities in Electrocardiogram (ECG) or Echocardiography (ECHO)","Change from Baseline of Microdystrophin Tissue Distribution by Immunofluorescence (IF), Change from baseline in microdystrophin protein levels, Change from Baseline in Time to Rise Velocity, Change from baseline in stride velocity 95th centile (SV95C), Change from baseline in 10-meter walk/run velocity, Change from baseline in 4-stair climb velocity, Change from baseline in North Star Ambulatory Assessment (NSAA) total score, Change from baseline in 6-minute walk test (6MWT) distance, Number of Participants with Clinically Significant Abnormalities in Laboratory Parameters, Number of Participants with Clinically Significant Abnormalities in Vital Signs, Number of Participants with Clinically Significant Abnormalities in Physical Examinations, Number of Participants with Clinically Significant Abnormalities in Electrocardiogram (ECG) or Echocardiography (ECHO)"
NCT06138639,2026-01-01 07:23:50.780214,2025-12-01 07:23:31.834092,Enrollment Count,60.0,40.0
NCT06138639,2026-03-01 07:33:13.464479,2026-02-01 07:37:25.453478,Last Update Post Date,2026-02-03,2025-12-22
NCT06138639,2026-04-01 08:15:57.024034,2026-03-01 07:33:13.464479,Last Update Post Date,2026-03-03,2026-02-03
NCT06147414,2026-02-01 07:37:25.453478,2026-01-01 07:23:50.780214,Condition,"Invasive PreNatal Diagnosis in a Context of Family History of Single-gene Disorders, Including, Sickle Cell Disease, Cystic Fibrosis, Fragile X Syndrome, Proximal Spinal Muscular Atrophy, Myotonic Dystrophy, Muscular Dystrophy, Duchenne, Muscular Dystrophy, Becker, Neurofibromatosis-Noonan Syndrome, Huntington Disease, Hemophilia A, Hemophilia B, MODY2 Diabetes, X-Linked Hydrocephalus, Autosomal Recessive Polycystic Kidney Disease","Invasive PreNatal Diagnosis in a Context of Family History of Single-gene Disorders, Including, Sickle Cell Disease, Cystic Fibrosis, Fragile X Syndrome, Proximal Spinal Muscular Atrophy, Myotonic Dystrophy, Muscular Dystrophy, Duchenne, Muscular Dystrophy, Becker, Neurofibromatosis-Noonan Syndrome, Huntington Disease, Hemophilia a, Hemophilia B, MODY2 Diabetes, X-Linked Hydrocephalus, Autosomal Recessive Polycystic Kidney Disease"
NCT06147414,2026-05-01 09:01:11.670236,2026-04-01 08:15:57.024034,Last Update Post Date,2026-04-23,2026-01-15
NCT06241950,2025-12-01 07:23:31.834092,2025-11-01 07:17:18.276233,Overall Status,Terminated,Enrolling By Invitation
NCT06241950,2025-12-01 07:23:31.834092,2025-11-01 07:17:18.276233,Enrollment Count,5.0,6.0
NCT06270719,2025-09-01 07:20:22.089753,2025-08-01 07:26:41.414466,Overall Status,Enrolling By Invitation,Recruiting
NCT06274983,2025-07-01 07:21:37.005046,2025-06-01 07:18:56.003730,Overall Status,Unknown,Active Not Recruiting
NCT06274983,2026-05-01 09:01:11.670236,2026-04-01 08:15:57.024034,Overall Status,Completed,Unknown
NCT06274983,2026-05-01 09:01:11.670236,2026-04-01 08:15:57.024034,Last Update Post Date,2026-04-20,2024-02-26
NCT06280209,2025-07-01 07:21:37.005046,2025-06-01 07:18:56.003730,Brief Title,"A Phase 1/2 Study to Assess the Safety, Tolerability, Pharmacokinetics, and Pharmacodynamics of BMN 351 in Participants With Duchenne Muscular Dystrophy","A Phase 1/2 Study to Assess the Safety, Tolerability, Pharmacokinetics, and Pharmacodynamics of BMN 351 in Participants with Duchenne Muscular Dystrophy"
NCT06280209,2025-07-01 07:21:37.005046,2025-06-01 07:18:56.003730,Secondary Outcome Measure,"Pharmacokinetics (PK) concentration of BMN 351 in plasma, urine and muscle approximately every 8 weeks for up to 97 weeks.","Pharmacokinetics (PK) concentration of BMN 351 in plasma, urine and muscle approximately every 8 weeks for up to 48 weeks."
NCT06280209,2026-03-01 07:33:13.464479,2026-02-01 07:37:25.453478,Last Update Post Date,2026-02-03,2025-06-19
NCT06280209,2026-04-01 08:15:57.024034,2026-03-01 07:33:13.464479,Last Update Post Date,2026-03-23,2026-02-03
NCT06280209,2026-05-01 09:01:11.670236,2026-04-01 08:15:57.024034,Last Update Post Date,2026-04-08,2026-03-23
NCT06295718,2026-04-01 08:15:57.024034,2026-03-01 07:33:13.464479,Overall Status,Unknown,Enrolling By Invitation
NCT06328725,2026-04-01 08:15:57.024034,2026-03-01 07:33:13.464479,Overall Status,Unknown,Not Yet Recruiting
NCT06337669,2026-04-01 08:15:57.024034,2026-03-01 07:33:13.464479,Overall Status,Unknown,Recruiting
NCT06363357,2025-08-01 07:26:41.414466,2025-07-01 07:21:37.005046,Brief Title,"The Effect of a Muscle-mimicking, Fabric-type Shoulder Orthosis on Functional Movements of the Upper Limb in Patients With Neuromuscular Disorder","The Effect of a Muscle-mimicking, Fabric-type Shoulder Orthosis on Functional Movements of the Upper Limb in Patients With Duchenne Muscular Dystrophy"
NCT06363357,2025-08-01 07:26:41.414466,2025-07-01 07:21:37.005046,Brief Summary,"The goal of this clinical trial is to investigate the effect of a muscle-mimicking, fabric-type shoulder orthosis on functional movements of the upper limb in patients with neuromuscular disorder.
The main questions it aims to answer are:
* What is the impact of the muscle-mimicking, fabric-type shoulder orthosis on upper limb functional movements in patients with neuromuscular disorder?
* Are there observable differences in upper limb function when the shoulder orthosis is worn versus when it is not?
Participants will:
* Receive education on how to wear and use the shoulder orthosis.
* Undergo evaluations, including assessment of upper limb performance, shoulder muscle strength testing, active range of motion measurements, assessment of functional workspace, goal attainment scale evaluation, surface electromyography, physiological measurements such as blood pressure and heart rate, fatigue assessment, and assessment for any musculoskeletal or skin-related issues.
Researchers will compare neuromuscular disorder patients before and while wearing and operating the shoulder orthosis to see if there are any significant effects on variables such as upper limb function, range of motion, functional workspace, goal attainment scale, and surface electromyography.","The goal of this clinical trial is to investigate the effect of a muscle-mimicking, fabric-type shoulder orthosis on functional movements of the upper limb in patients with Duchenne muscular dystrophy.
The main questions it aims to answer are:
* What is the impact of the muscle-mimicking, fabric-type shoulder orthosis on upper limb functional movements in patients with Duchenne muscular dystrophy?
* Are there observable differences in upper limb function when the shoulder orthosis is worn versus when it is not?
Participants will:
* Receive education on how to wear and use the shoulder orthosis.
* Undergo evaluations, including assessment of upper limb performance, shoulder muscle strength testing, active range of motion measurements, assessment of functional workspace, goal attainment scale evaluation, surface electromyography, physiological measurements such as blood pressure and heart rate, fatigue assessment, and assessment for any musculoskeletal or skin-related issues.
Researchers will compare Duchenne muscular dystrophy patients before and while wearing and operating the shoulder orthosis to see if there are any significant effects on variables such as upper limb function, range of motion, functional workspace, goal attainment scale, and surface electromyography."
NCT06363357,2025-08-01 07:26:41.414466,2025-07-01 07:21:37.005046,Condition,"Muscular Dystrophy, Duchenne, Orthotic Devices, Upper Extremity, Neuromuscular Diseases (NMD), Fascioscapulohumeral Muscular Dystrophy, Spinal Muscular Atrophy (SMA), ALS (Amyotrophic Lateral Sclerosis), LGMD, SCI - Spinal Cord Injury","Muscular Dystrophy, Duchenne, Orthotic Devices, Upper Extremity"
NCT06363357,2026-01-01 07:23:50.780214,2025-12-01 07:23:31.834092,Primary Outcome Measure,"Performance of the upper limb module 2.0 (PUL 2.0), Active Range of motion, Functional workspace, Goal Attainment Scale (GAS), Surface electromyography (sEMG), Heart rate, Blood pressure, Numeral Rating Scale for Pain, Box and block test","Performance of the upper limb module 2.0 (PUL 2.0), Active Range of motion, Functional workspace, Goal Attainment Scale (GAS), Surface electromyography (sEMG)"
NCT06378203,2026-05-01 09:01:11.670236,2026-04-01 08:15:57.024034,Overall Status,Unknown,Recruiting
NCT06392724,2025-08-01 07:26:41.414466,2025-07-01 07:21:37.005046,Overall Status,Active Not Recruiting,Recruiting
NCT06402942,2026-02-01 07:37:25.453478,2026-01-01 07:23:50.780214,Brief Title,Gamified Occupational Therapy for Adolescents With Duchenne Muscular Dystrophy,Gamified Occupational Therapy for Adolescents with Duchenne Muscular Dystrophy
NCT06412328,2025-10-01 07:19:32.349441,2025-09-01 07:20:22.089753,Lead Sponsor Name,Lokman Hekim University,Lokman Hekim Üniversitesi
NCT06450639,2026-03-01 07:33:13.464479,2026-02-01 07:37:25.453478,Last Update Post Date,2026-02-27,2026-01-05
NCT06450639,2026-04-01 08:15:57.024034,2026-03-01 07:33:13.464479,Last Update Post Date,2026-03-27,2026-02-27
NCT06450639,2026-05-01 09:01:11.670236,2026-04-01 08:15:57.024034,Overall Status,Active Not Recruiting,Recruiting
NCT06450639,2026-05-01 09:01:11.670236,2026-04-01 08:15:57.024034,Enrollment Count,30.0,50.0
NCT06450639,2026-05-01 09:01:11.670236,2026-04-01 08:15:57.024034,Primary Completion Date,2026-08-26,2026-09-30
NCT06450639,2026-05-01 09:01:11.670236,2026-04-01 08:15:57.024034,Completion Date,2026-11-18,2028-06-30
NCT06450639,2026-05-01 09:01:11.670236,2026-04-01 08:15:57.024034,Last Update Post Date,2026-04-09,2026-03-27
NCT06491927,2026-03-01 07:33:13.464479,2026-02-01 07:37:25.453478,Brief Summary,RGX-202-5101 is a long-term follow up study that evaluates the long-term safety and efficacy of RGX-202 in participants who have received RGX-202 (an investigative gene therapy designed to deliver a transgene for novel microdystrophin that includes functional elements of naturally-occurring dystrophin including the C-Terminal (CT) domain) in a separate parent study.,RGX-202-5101 is a long-term follow up study that evaluates the long term safety and efficacy of RGX-202 in participants who have received RGX-202 (a gene therapy designed to deliver a transgene for novel microdystrophin that includes functional elements of naturally-occurring dystrophin including the C-Terminal (CT) domain) in a separate parent study.
NCT06491927,2026-03-01 07:33:13.464479,2026-02-01 07:37:25.453478,Secondary Outcome Measure,"Time to Stand (TTSTAND), Time to Run/Walk (TTRW), Time to Climb (TTCLIMB), North Start Ambulatory Assessment (NSAA), Peabody Developmental Motor Scale, Third Edition (PDMS-3); Body Control Subtest, Peabody Developmental Motor Scale, Third Edition (PDMS-3); Body Transport Subtest, Stride velocity 95th centile (SV95C), Pharmacokinetics (PK), Vector Shedding",Efficacy measured by change in Functional Assessment
NCT06491927,2026-03-01 07:33:13.464479,2026-02-01 07:37:25.453478,Enrollment Count,66.0,19.0
NCT06491927,2026-03-01 07:33:13.464479,2026-02-01 07:37:25.453478,Last Update Post Date,2026-02-24,2025-05-13
NCT06491927,2026-04-01 08:15:57.024034,2026-03-01 07:33:13.464479,Last Update Post Date,2026-03-24,2026-02-24
NCT06564974,2026-03-01 07:33:13.464479,2026-02-01 07:37:25.453478,Brief Title,Registry Study to Observe Long-term Safety of Vamorolone (AGAMREE®) in Patients With Duchenne Muscular Dystrophy-SUMMIT,Registry Study to Observe Long-term Safety of Vamorolone (AGAMREE®) in Patients With Duchenne Muscular Dystrophy.
NCT06564974,2026-03-01 07:33:13.464479,2026-02-01 07:37:25.453478,Brief Summary,"The goal of this study is to collect additional information on the safety of long-term treatment with AGAMREE® and to explore long-term clinical impact of AGAMREE® on quality of life, as assessed by standardized patient-reported outcome measures (QoL questionnaires) in male patients aged 2 years and older with Duchenne muscular dystrophy (DMD).",The goal of this observational study is to follow patients being treated with the FDA approved drug AGAMREE® in male patients 2 years of age or older with Duchenne's Muscular Dystrophy for long term safety and quality of life.
NCT06564974,2026-03-01 07:33:13.464479,2026-02-01 07:37:25.453478,Primary Outcome Measure,"Change in Height z-score, Change in BMI z-score, Change in North Star Ambulatory Assessment from baseline, Change in Performance of Upper Limb from baseline, Tanner stage documentation, Percentage of patients with cataract and/or glaucoma, Findings from lateral spine x-ray, Findings from anterior-posterior/posterior-anterior X-ray, Findings from hand-wrist X-ray, Summary statistics of bone mineral density measures assessed by dual x-ray absorptiometry, Body Composition Mass Measures, Summary statistics of body fat percentage and regional fat distribution ratios assessed by DXA, Findings from standard of care echocardiography, Frequency and percentage of participants experiencing any adverse events and serious adverse events, Findings from cardiac magnetic resonance imaging (subset of patients taking part in the cardiac sub-study only), Presence of cardiomyopathy assessed by echocardiography using transmural strain profile (only in a subset of patients taking part in the cardiac sub-study)","Change in BMI Z score at the End-of-Registry ( 5 years) or Early-Termination., Change in Height Z-score at the End-of-Registry ( 5 years) or Early-Termination., Change in Puberty development using the Tanner Stage at the End-of-Registry ( 5 years) or Early-Termination., Number of Fractures based on Spine x-rays at the End-of-Registry ( 5 years) or Early-Termination., Presence or absence of Cataracts at the End-of-Registry ( 5 years) or Early-Termination., Presence of Cardiomyopathy at the End-of-Registry ( 5 years) or Early-Termination., Evaluation of Hormonal status based on Cortisol levels at enrollment., Presence or absence of Glaucoma at the End-of-Registry ( 5 years) or Early-Termination., Number of patients experiencing any Adverse Events (AEs) or Serious Adverse Events (SAEs) after signing the Informed Consent Form., Change in Pediatric Quality of Life Inventory Duchenne Muscular Dystrophy (PedsQL DMD) Module at the End-of-Registry ( 5 years) or Early-Termination., Change in Duchenne Muscular Dystrophy Quality of Life (DMD-QoL)at the End-of-Registry ( 5 years) or Early-Termination., Change in Euro Qol 5 Dimensions (EQ-5D) at the End-of-Registry ( 5 years) or Early-Termination., Change in Patient Reported Outcome Measure for the Upper Limb (PROM UL) at the End-of-Registry ( 5 years) or Early-Termination., Change in North Star Ambulatory Assessment (NSAA) at the End-of-Registry ( 5 years) or Early-Termination., Change in Performance of Upper Limb (PUL) at the End-of-Registry ( 5 years) or Early-Termination."
NCT06564974,2026-03-01 07:33:13.464479,2026-02-01 07:37:25.453478,Start Date,2024-09-25,2024-07-31
NCT06564974,2026-03-01 07:33:13.464479,2026-02-01 07:37:25.453478,Primary Completion Date,2032-02-01,2030-09-01
NCT06564974,2026-03-01 07:33:13.464479,2026-02-01 07:37:25.453478,Completion Date,2032-02-01,2030-11-01
NCT06564974,2026-03-01 07:33:13.464479,2026-02-01 07:37:25.453478,Last Update Post Date,2026-02-27,2025-08-05
NCT06564974,2026-05-01 09:01:11.670236,2026-04-01 08:15:57.024034,Collaborator Name,"ICON plc, Veeva Systems, Children's Hospital of Eastern Ontario, Medpace, Inc.","ICON Medical Imaging, ICON plc, Veeva Systems, Children's Hospital of Eastern Ontario, Medpace, Inc."
NCT06594094,2026-03-01 07:33:13.464479,2026-02-01 07:37:25.453478,Overall Status,Completed,Recruiting
NCT06594094,2026-03-01 07:33:13.464479,2026-02-01 07:37:25.453478,Phase,Early Phase1,Na
NCT06594094,2026-03-01 07:33:13.464479,2026-02-01 07:37:25.453478,Enrollment Count,4.0,6.0
NCT06594094,2026-03-01 07:33:13.464479,2026-02-01 07:37:25.453478,Primary Completion Date,2025-12-02,2026-09-30
NCT06594094,2026-03-01 07:33:13.464479,2026-02-01 07:37:25.453478,Completion Date,2025-12-02,2026-09-30
NCT06594094,2026-03-01 07:33:13.464479,2026-02-01 07:37:25.453478,Last Update Post Date,2026-02-17,2024-11-25
NCT06597656,2025-08-01 07:26:41.414466,2025-07-01 07:21:37.005046,Brief Summary,This is a gene transfer therapy study evaluating the safety of and delandistrogene moxeparvovec dystrophin protein expression from delandistrogene moxeparvovec following therapeutic plasma exchange (plasmapheresis) in ambulatory male participants with DMD and pre-existing antibodies to AAVrh74 over a period of 59 weeks.,This is a gene transfer therapy study evaluating the safety of and delandistrogene moxeparvovec dystrophin protein expression from delandistrogene moxeparvovec following therapeutic plasma exchange (plasmapheresis) in ambulatory male participants with DMD and pre-existing antibodies to AAVrh74 over a period of 58 weeks.
NCT06597656,2025-08-01 07:26:41.414466,2025-07-01 07:21:37.005046,Enrollment Count,10.0,16.0
NCT06597656,2025-10-01 07:19:32.349441,2025-09-01 07:20:22.089753,Overall Status,Terminated,Recruiting
NCT06597656,2025-10-01 07:19:32.349441,2025-09-01 07:20:22.089753,Enrollment Count,3.0,10.0
NCT06643923,2025-10-01 07:19:32.349441,2025-09-01 07:20:22.089753,Lead Sponsor Name,Lokman Hekim University,Lokman Hekim Üniversitesi
NCT06682585,2025-12-01 07:23:31.834092,2025-11-01 07:17:18.276233,Overall Status,Completed,Not Yet Recruiting
NCT06682585,2025-12-01 07:23:31.834092,2025-11-01 07:17:18.276233,Enrollment Count,9.0,10.0
NCT06692426,2026-04-01 08:15:57.024034,2026-03-01 07:33:13.464479,Last Update Post Date,2026-03-04,2025-03-24
NCT06713135,2026-01-01 07:23:50.780214,2025-12-01 07:23:31.834092,Overall Status,Active Not Recruiting,Recruiting
NCT06713135,2026-05-01 09:01:11.670236,2026-04-01 08:15:57.024034,Last Update Post Date,2026-04-23,2026-01-09
NCT06755138,2025-09-01 07:20:22.089753,2025-08-01 07:26:41.414466,Brief Summary,"* Objective:
The objective of this observational study is to evaluate and quantify trunk muscle compensatory movement patterns in patients with Duchenne Muscular Dystrophy (DMD) using computer vision technology. Additionally, the study seeks to explore the relationship between these compensatory patterns and scoliosis, upper limb function, pain levels, and quality of life during functional upper limb movements.
* Key Research Questions:
  1\) Can trunk compensatory movement patterns be accurately measured using computer vision analysis? 2) Are these compensatory patterns correlated with scoliosis, upper limb function levels, pain, and quality of life? 3) Do these patterns and their correlations change over time?
* Methodology:
  1. Participants: Patients diagnosed with Duchenne Muscular Dystrophy will be recruited for this study.
  2. Assessments:
* Scoliosis Evaluation:
  1. Cobb angle measurement via X-ray imaging.
  2. Upper Limb Function Assessment:
  3. Performance of the Upper Limb Module 2.0 (PUL 2.0).
  4. Brooke Upper Extremity Functional Classification Score.
  5. Korean version of the Duchenne Muscular Dystrophy Functional Ability Self-Assessment Tool (K-DMDSAT).
* Pain Measurement:
  1. Korean version of the PainDETECT Questionnaire (KPD-Q).
  2. Short Form McGill Pain Questionnaire.
  3. Quality of Life Assessment:
* Duchenne Muscular Dystrophy Quality of Life Questionnaire (DMD-QoL).
  1. Trunk Compensation Analysis:
* Surface electromyography (sEMG) to measure muscle activation.
* Video analysis using computer vision to quantify trunk compensatory movement patterns.
* The following tasks will be evaluated using the dominant arm for sEMG and video analysis:
  i. Pouring water into a cup. ii. Lifting a cup to drink water. iii. Grooming the front of the hair. iv. Moving small blocks within one minute (Box and Block Test). v. Reaching toward nearby objects in the front, left, and right directions.
* Front: Directly in front of the participant's line of sight.
* Left and right: Approximately 45 degrees to the left and right from the participant's front.
* Nearby objects: A water bottle or cup weighing approximately 250g, placed at arm's length.
vi. Reaching toward distant objects in the front, left, and right directions.
* Distant objects: A water bottle or cup weighing approximately 250g, placed at 1.5 times the participant's arm length.
* The sEMG attachment sites are as follows:
  i. Muscles for assessing upper limb functional movements:
  1. Deltoid
  2. Pectoralis major
  3. Trapezius
  4. Biceps brachii ii. Muscles for assessing trunk compensatory actions:
  <!-- -->
  1. Sternocleidomastoid
  2. Longissimus muscle
  3. External oblique abdominal muscle","* Objective:
The objective of this observational study is to evaluate and quantify trunk muscle compensatory movement patterns in patients with Duchenne Muscular Dystrophy (DMD) using computer vision technology. Additionally, the study seeks to explore the relationship between these compensatory patterns and scoliosis, upper limb function, pain levels, and quality of life during functional upper limb movements.
* Key Research Questions:
  1) Can trunk compensatory movement patterns be accurately measured using computer vision analysis? 2) Are these compensatory patterns correlated with scoliosis, upper limb function levels, pain, and quality of life? 3) Do these patterns and their correlations change over time?
* Methodology:
  1. Participants: Patients diagnosed with Duchenne Muscular Dystrophy will be recruited for this study.
  2. Assessments:
* Scoliosis Evaluation:
  1. Cobb angle measurement via X-ray imaging.
  2. Upper Limb Function Assessment:
  3. Performance of the Upper Limb Module 2.0 (PUL 2.0).
  4. Brooke Upper Extremity Functional Classification Score.
  5. Korean version of the Duchenne Muscular Dystrophy Functional Ability Self-Assessment Tool (K-DMDSAT).
* Pain Measurement:
  1. Korean version of the PainDETECT Questionnaire (KPD-Q).
  2. Short Form McGill Pain Questionnaire.
  3. Quality of Life Assessment:
* Duchenne Muscular Dystrophy Quality of Life Questionnaire (DMD-QoL).
  1. Trunk Compensation Analysis:
* Surface electromyography (sEMG) to measure muscle activation.
* Video analysis using computer vision to quantify trunk compensatory movement patterns.
* The following tasks will be evaluated using the dominant arm for sEMG and video analysis:
  i. Pouring water into a cup. ii. Lifting a cup to drink water. iii. Grooming the front of the hair. iv. Moving small blocks within one minute (Box and Block Test). v. Reaching toward nearby objects in the front, left, and right directions.
* Front: Directly in front of the participant's line of sight.
* Left and right: Approximately 45 degrees to the left and right from the participant's front.
* Nearby objects: A water bottle or cup weighing approximately 250g, placed at arm's length.
vi. Reaching toward distant objects in the front, left, and right directions.
* Distant objects: A water bottle or cup weighing approximately 250g, placed at 1.5 times the participant's arm length.
* The sEMG attachment sites are as follows:
  i. Muscles for assessing upper limb functional movements:
  1. Deltoid
  2. Pectoralis major
  3. Trapezius
  4. Biceps brachii ii. Muscles for assessing trunk compensatory actions:
  <!-- -->
  1. Sternocleidomastoid
  2. Longissimus muscle
  3. External oblique abdominal muscle"
NCT06755138,2026-02-01 07:37:25.453478,2026-01-01 07:23:50.780214,Org Study Id,0420240390,420240390
NCT06756633,2025-10-01 07:19:32.349441,2025-09-01 07:20:22.089753,Lead Sponsor Name,Lokman Hekim University,Lokman Hekim Üniversitesi
NCT06817382,2026-03-01 07:33:13.464479,2026-02-01 07:37:25.453478,Last Update Post Date,2026-02-27,2026-01-30
NCT06817382,2026-04-01 08:15:57.024034,2026-03-01 07:33:13.464479,Last Update Post Date,2026-03-23,2026-02-27
NCT06817382,2026-05-01 09:01:11.670236,2026-04-01 08:15:57.024034,Last Update Post Date,2026-04-29,2026-03-23
NCT06833931,2025-07-01 07:21:37.005046,2025-06-01 07:18:56.003730,Overall Status,Withdrawn,Suspended
NCT06833931,2025-07-01 07:21:37.005046,2025-06-01 07:18:56.003730,Enrollment Count,0.0,16.0
NCT06839469,2026-03-01 07:33:13.464479,2026-02-01 07:37:25.453478,Last Update Post Date,2026-02-05,2025-02-21
NCT06839469,2026-05-01 09:01:11.670236,2026-04-01 08:15:57.024034,Last Update Post Date,2026-04-09,2026-02-05
NCT06867107,2025-10-01 07:19:32.349441,2025-09-01 07:20:22.089753,Overall Status,Enrolling By Invitation,Not Yet Recruiting
NCT06867107,2026-05-01 09:01:11.670236,2026-04-01 08:15:57.024034,Brief Title,An Open-label Long-term Follow-up Study of SAT-3247 for Participants With Duchenne Muscular Dystrophy Including Those Who Participated in SAT-3247-CL-101,A Long-term Follow-up Study for Participants That Completed the SAT-3247-CL-101 Study
NCT06867107,2026-05-01 09:01:11.670236,2026-04-01 08:15:57.024034,Last Update Post Date,2026-04-23,2025-09-10
NCT06868784,2025-10-01 07:19:32.349441,2025-09-01 07:20:22.089753,Lead Sponsor Name,Lokman Hekim University,Lokman Hekim Üniversitesi
NCT06868784,2026-02-01 07:37:25.453478,2026-01-01 07:23:50.780214,Brief Title,Investigation of the Relationship Between Executive Functions and Occupational Performance of Children With Duchenne Muscular Dystrophy,Investigation of the Relationship Between Executive Functions and Occupational Performance of Children with Duchenne Muscular Dystrophy
NCT06868784,2026-03-01 07:33:13.464479,2026-02-01 07:37:25.453478,Last Update Post Date,2026-02-23,2026-01-27
NCT06887491,2025-08-01 07:26:41.414466,2025-07-01 07:21:37.005046,Brief Title,The Effect of Dual-tasking Program on Cognitive and Physical Functions and Independence in Activities of Daily Living in Children With Duchenne Muscular Dystrophy: A Single-blind Randomized Controlled Trial,The Effect of Dual-tasking Program on Cognitive and Physical Functions and Independence in Activities of Daily Living in Children with Duchenne Muscular Dystrophy: a Single-blind Randomized Controlled Trial
NCT06887491,2025-10-01 07:19:32.349441,2025-09-01 07:20:22.089753,Lead Sponsor Name,Lokman Hekim University,Lokman Hekim Üniversitesi
NCT07015632,2026-02-01 07:37:25.453478,2026-01-01 07:23:50.780214,Org Study Id,0420232060,420232060
NCT07037862,2025-08-01 07:26:41.414466,2025-07-01 07:21:37.005046,Overall Status,Recruiting,Not Yet Recruiting
NCT07037862,2025-12-01 07:23:31.834092,2025-11-01 07:17:18.276233,Brief Summary,"This is a study of the investigational medicine ENTR-601-44 in participants who have Duchenne muscular dystrophy (DMD), a rare genetic condition.
The researchers want to: Test how safe ENTR-601-44 is, learn about any side effects, and look at the potential positive effects of ENTR-601-44, compared to placebo. Placebo looks like the investigational medicine but does not contain any active ingredient. In this summary ENTR-601-44 and placebo are both called study treatments.
The study has 2 parts: Part A: to evaluate if ENTR-601-44 is safe and to determine the best dose of ENTR-601-44 for Part B. Part B: to further evaluate the effect and safety of ENTR-601-44 at the dose determined in Part A.
Participants will be able to roll into an open-label treatment period during which the safety and efficacy of extended dosing will be evaluated.
Participants will:
* Receive study treatment in the form of multiple intravenous (IV) infusions (slow injection) into a vein over the course of several weeks in Part A and in Part B
* Visit the clinic regularly for checkups and tests such as: blood and urine tests, physical examinations, questionnaires, and exercise tests. Participants will have a muscle biopsy at the beginning of their participation and after their last dose to allow researchers to compare whether there have been changes in the muscle as a result of the study drug.
Participants are allowed to continue receiving their standard of care therapy for DMD during the study, as long as their health remains stable.","This is a study of the investigational medicine ENTR-601-44 in participants who have Duchenne muscular dystrophy (DMD), a rare genetic condition.
The researchers want to: Test how safe ENTR-601-44 is, learn about any side effects, and look at the potential positive effects of ENTR-601-44, compared to placebo. Placebo looks like the investigational medicine but does not contain any active ingredient. In this summary ENTR-601-44 and placebo are both called study treatments.
The study has 2 parts: Part A: to evaluate if ENTR-601-44 is safe and to determine the best dose of ENTR-601-44 for Part B. Part B: to further evaluate the effect and safety of ENTR-601-44 at the dose determined in Part A.
Participants will:
* Receive study treatment in the form of multiple intravenous (IV) infusions (slow injection) into a vein over the course of several weeks in Part A and in Part B
* Visit the clinic regularly for checkups and tests such as: blood and urine tests, physical examinations, questionnaires, and exercise tests. Participants will have a muscle biopsy at the beginning of their participation and after their last dose to allow researchers to compare whether there have been changes in the muscle as a result of the study drug.
Participants are allowed to continue receiving their standard of care therapy for DMD during the study, as long as their health remains stable."
NCT07037862,2025-12-01 07:23:31.834092,2025-11-01 07:17:18.276233,Primary Outcome Measure,Number of participants with Treatment Emergent Adverse Events (TEAEs) according to study protocol (Part A and OL Period),Number of participants with Treatment Emergent Adverse Events (TEAEs) according to study protocol (Part A)
NCT07037862,2025-12-01 07:23:31.834092,2025-11-01 07:17:18.276233,Secondary Outcome Measure,"Plasma, muscle, and urine concentration of ENTR-601-44 and its final metabolite (Part A and OL Period), Change from baseline to End of Part A in dystrophin by Western blot from muscle biopsy (Part A), Change from baseline to End of Part A in dystrophin expression and localization from muscle biopsy (Part A), Percent change from baseline to End of Part A in exon 44 skipping measured in muscle biopsy at End of Study (Part A), Anti-drug antibody (ADA) and anti-dystrophin antibody in serum (Part A and OL Period), Change from baseline to End of OL Period in 10-Meter Walk/Run (10MWR) (Part A and OL Period), Change from baseline to End of OL Period in Timed Rise from Floor (Part A and OL Period), Change from baseline to End of OL Period in Timed 4-Stair Climb (4SC) (Part A and OL Period), Change from baseline to End of OL Period in 95th centile Stride Velocity (SV95C) (Part A and OL Period), Change from baseline to End of OL Period in North Star Ambulatory Assessment (NSAA) (Part A and OL Period), Change from baseline to End of OL Period in Performance of the Upper Limb v2.0 (PUL 2.0) (Part A and OL Period)","Plasma, muscle, and urine concentration of ENTR-601-44 and its final metabolite (Part A), Change from baseline in dystrophin by Western blot from muscle biopsy at End of Study (Part A), Change from baseline in dystrophin expression and localization from muscle biopsy at End of Study (Part A), Percent change from baseline in exon 44 skipping measured in muscle biopsy at End of Study (Part A), Anti-drug antibody (ADA) and anti-dystrophin antibody in serum (Part A)"
NCT07037862,2026-01-01 07:23:50.780214,2025-12-01 07:23:31.834092,Primary Outcome Measure,Number of participants with Treatment Emergent Adverse Events (TEAEs) according to study protocol (Part A and Open Label (OL) Period),Number of participants with Treatment Emergent Adverse Events (TEAEs) according to study protocol (Part A and OL Period)
NCT07037862,2026-01-01 07:23:50.780214,2025-12-01 07:23:31.834092,Secondary Outcome Measure,"Plasma, muscle, and urine concentration of ENTR-601-44 and its final metabolite (Part A and Open Label (OL) Period), Change from baseline to End of Part A in dystrophin by Western blot from muscle biopsy (Part A), Change from baseline to End of Part A in dystrophin expression and localization from muscle biopsy (Part A), Percent change from baseline to End of Part A in exon 44 skipping measured in muscle biopsy at End of Study (Part A), Anti-drug antibody (ADA) and anti-dystrophin antibody in serum (Part A and OL Period), Change from baseline to End of OL Period in 10-Meter Walk/Run (10MWR) (Part A and OL Period), Change from baseline to End of OL Period in Timed Rise from Floor (Part A and OL Period), Change from baseline to End of OL Period in Timed 4-Stair Climb (4SC) (Part A and OL Period), Change from baseline to End of OL Period in 95th centile Stride Velocity (SV95C) (Part A and OL Period), Change from baseline to End of OL Period in North Star Ambulatory Assessment (NSAA) (Part A and OL Period), Change from baseline to End of OL Period in Performance of the Upper Limb v2.0 (PUL 2.0) (Part A and OL Period)","Plasma, muscle, and urine concentration of ENTR-601-44 and its final metabolite (Part A and OL Period), Change from baseline to End of Part A in dystrophin by Western blot from muscle biopsy (Part A), Change from baseline to End of Part A in dystrophin expression and localization from muscle biopsy (Part A), Percent change from baseline to End of Part A in exon 44 skipping measured in muscle biopsy at End of Study (Part A), Anti-drug antibody (ADA) and anti-dystrophin antibody in serum (Part A and OL Period), Change from baseline to End of OL Period in 10-Meter Walk/Run (10MWR) (Part A and OL Period), Change from baseline to End of OL Period in Timed Rise from Floor (Part A and OL Period), Change from baseline to End of OL Period in Timed 4-Stair Climb (4SC) (Part A and OL Period), Change from baseline to End of OL Period in 95th centile Stride Velocity (SV95C) (Part A and OL Period), Change from baseline to End of OL Period in North Star Ambulatory Assessment (NSAA) (Part A and OL Period), Change from baseline to End of OL Period in Performance of the Upper Limb v2.0 (PUL 2.0) (Part A and OL Period)"
NCT07037862,2026-03-01 07:33:13.464479,2026-02-01 07:37:25.453478,Brief Summary,"This is a study of the investigational medicine ENTR-601-44 in participants who have Duchenne muscular dystrophy (DMD), a rare genetic condition.
The researchers want to: Test how safe ENTR-601-44 is, learn about any side effects, and look at the potential positive effects of ENTR-601-44, compared to placebo. Placebo looks like the investigational medicine but does not contain any active ingredient. In this summary ENTR-601-44 and placebo are both called study treatments.
The study has 2 parts:
* Part A
  * A Double-Blind Period, to evaluate if ENTR-601-44 is safe and to determine the best dose of ENTR-601-44 for Part B.
  * Following the Double-Blind period, participants will roll into an open-label treatment period during which the safety and efficacy of extended dosing will be evaluated.
* Part B
  * To further evaluate the effect and safety of ENTR-601-44 at the dose determined in Part A.
Participants will:
* Receive study treatment in the form of multiple intravenous (IV) infusions (slow injection) into a vein over the course of several weeks in Part A and in Part B
* Visit the clinic regularly for checkups and tests such as: blood and urine tests, physical examinations, questionnaires, and exercise tests. Participants will have a muscle biopsy at the beginning of their participation and after their last dose to allow researchers to compare whether there have been changes in the muscle as a result of the study drug.
Participants are allowed to continue receiving their standard of care therapy for DMD during the study, as long as their health remains stable.","This is a study of the investigational medicine ENTR-601-44 in participants who have Duchenne muscular dystrophy (DMD), a rare genetic condition.
The researchers want to: Test how safe ENTR-601-44 is, learn about any side effects, and look at the potential positive effects of ENTR-601-44, compared to placebo. Placebo looks like the investigational medicine but does not contain any active ingredient. In this summary ENTR-601-44 and placebo are both called study treatments.
The study has 2 parts: Part A: to evaluate if ENTR-601-44 is safe and to determine the best dose of ENTR-601-44 for Part B. Part B: to further evaluate the effect and safety of ENTR-601-44 at the dose determined in Part A.
Participants will be able to roll into an open-label treatment period during which the safety and efficacy of extended dosing will be evaluated.
Participants will:
* Receive study treatment in the form of multiple intravenous (IV) infusions (slow injection) into a vein over the course of several weeks in Part A and in Part B
* Visit the clinic regularly for checkups and tests such as: blood and urine tests, physical examinations, questionnaires, and exercise tests. Participants will have a muscle biopsy at the beginning of their participation and after their last dose to allow researchers to compare whether there have been changes in the muscle as a result of the study drug.
Participants are allowed to continue receiving their standard of care therapy for DMD during the study, as long as their health remains stable."
NCT07037862,2026-03-01 07:33:13.464479,2026-02-01 07:37:25.453478,Last Update Post Date,2026-02-24,2025-12-15
NCT07037862,2026-04-01 08:15:57.024034,2026-03-01 07:33:13.464479,Last Update Post Date,2026-03-09,2026-02-24
NCT07038824,2026-01-01 07:23:50.780214,2025-12-01 07:23:31.834092,Overall Status,Recruiting,Not Yet Recruiting
NCT07038824,2026-03-01 07:33:13.464479,2026-02-01 07:37:25.453478,Brief Summary,"This is a study of the investigational medicine ENTR-601-45 in participants who have Duchenne muscular dystrophy (DMD), a rare genetic condition. The researchers want to: Test how safe ENTR-601-45 is, learn about any side effects, and look at the potential positive effects of ENTR-601-45, compared to placebo. Placebo looks like the investigational medicine but does not contain any active ingredient. In this summary ENTR-601-45 and placebo are both called study treatments.
The study has 2 parts: Part A: to evaluate if ENTR-601-45 is safe and to determine the best dose of ENTR-601-45 for Part B. Part B: to further evaluate the effect and safety of ENTR-601-45 at the dose determined in Part A. Participants will be able to roll into an open-label treatment period during which the safety and efficacy of extended dosing will be evaluated.
Participants will:
* Receive study treatment in the form of multiple intravenous (IV) infusions (slow injection) into a vein over the course of several weeks in Part A and in Part B
* Visit the clinic regularly for checkups and tests such as: blood and urine tests, physical examinations, questionnaires, muscle biopsies and exercise tests. Participants will have a muscle biopsy at the beginning of their participation and after their last dose to allow researchers to compare whether there have been changes in the muscle as a result of the study drug.
Participants are allowed to continue receiving their standard of care therapy for DMD during the study, as long as their health remains stable.","This is a study of the investigational medicine ENTR-601-45 in participants who have Duchenne muscular dystrophy (DMD), a rare genetic condition. The researchers want to: Test how safe ENTR-601-45 is, learn about any side effects, and look at the potential positive effects of ENTR-601-45, compared to placebo. Placebo looks like the investigational medicine but does not contain any active ingredient. In this summary ENTR-601-45 and placebo are both called study treatments. The study has 2 parts: Part A: to evaluate if ENTR-601-45 is safe and to determine the best dose of ENTR-601-45 for Part B. Part B: to further evaluate the effect and safety of ENTR-601-45 at the dose determined in Part A.
Participants will:
* Receive study treatment in the form of multiple intravenous (IV) infusions (slow injection) into a vein over the course of several weeks in Part A and in Part B
* Visit the clinic regularly for checkups and tests such as: blood and urine tests, physical examinations, questionnaires, muscle biopsies and exercise tests. Participants will have a muscle biopsy at the beginning of their participation and after their last dose to allow researchers to compare whether there have been changes in the muscle as a result of the study drug.
Participants are allowed to continue receiving their standard of care therapy for DMD during the study, as long as their health remains stable."
NCT07038824,2026-03-01 07:33:13.464479,2026-02-01 07:37:25.453478,Primary Outcome Measure,Number of participants with Treatment Emergent Adverse Events (TEAEs) according to study protocol (Part A and OL Period).,Number of participants with Treatment Emergent Adverse Events (TEAEs) according to study protocol (Part A).
NCT07038824,2026-03-01 07:33:13.464479,2026-02-01 07:37:25.453478,Secondary Outcome Measure,"Plasma, muscle, and urine concentration of ENTR-601-45 and its final metabolite (Part A and OL Period), Change from baseline to End of Part A in dystrophin by Western blot from muscle biopsy (Part A)., Change from baseline to End of Part A in dystrophin expression and localization from muscle biopsy (Part A)., Percent change from baseline to end of Part A in exon 45 skipping measured in muscle biopsy (Part A), Anti-drug antibody (ADA) and anti-dystrophin antibody in serum (Part A and OL Period), Change from baseline to End of OL Period in 10-Meter Walk/Run (10MWR) (Part A and OL Period)., Change from baseline to End of OL Period in Timed Rise from Floor (Part A and OL Period)., Change from baseline to End of OL Period in Timed 4-Stair Climb (4SC) (Part A and OL Period)., Change from baseline to End of OL Period in 95th centile Stride Velocity (SV95C) (Part A and OL Period)., Change from baseline to End of OL Period in North Star Ambulatory Assessment (NSAA) (Part A and OL Period), Change from baseline to End of OL Period in Performance of the Upper Limb v2.0 (PUL 2.0) (Part A and OL Period).","Plasma, muscle, and urine concentration of ENTR-601-45 and its final metabolite (Part A), Change from baseline in dystrophin by Western blot from muscle biopsy at End of Study (Part A), Change from baseline in dystrophin expression and localization from muscle biopsy at End of Study (Part A), Percent change from baseline in exon 45 skipping measured in muscle biopsy at End of Study (Part A), Anti-drug antibody (ADA) and anti-dystrophin antibody in serum (Part A)"
NCT07038824,2026-03-01 07:33:13.464479,2026-02-01 07:37:25.453478,Last Update Post Date,2026-02-24,2025-12-15
NCT07038824,2026-04-01 08:15:57.024034,2026-03-01 07:33:13.464479,Last Update Post Date,2026-03-09,2026-02-24
NCT07058662,2025-09-01 07:20:22.089753,2025-08-01 07:26:41.414466,Overall Status,Recruiting,Not Yet Recruiting
NCT07058662,2025-10-01 07:19:32.349441,2025-09-01 07:20:22.089753,Collaborator Name,"Shanghai Mianyi Biopharmaceutical Co., Ltd., Shanghai Xinzhi BioMed Co., Ltd., Belief BioMed Limited","Shanghai Mianyi Biopharmaceutical Co., Ltd., Shanghai Xinzhi BioMed Co., Ltd, Belief BioMed Limited"
NCT07101185,2026-05-01 09:01:11.670236,2026-04-01 08:15:57.024034,Collaborator Name,"Università di Padova Italy, Fondazione Istituto Neurologico Nazionale Casimiro Mondino - IRCCS, Istituto Giannina Gaslini - IRCCS, Fondazione Serena Onlus - Centro Clinico NeMO Milano, Centro Clinico NeMO Ancona, IRCCS Fondazione Stella Maris, Università degli Studi di Milano Statale, Centro Clinico NeMO Brescia, Fondazione Istituto Neurologico Carlo Besta - IRCCS, Fondazione IRCCS Ca' Granda, Ospedale Maggiore Policlinico, I.R.C.C.S. Eugenio Medea - Associazione La Nostra Famiglia - Sede di Conegliano, Fondazione Policlinico Universitario Agostino Gemelli IRCCS, Dipartimento di Neuroscienze Rita Levi Montalcini Torino, Università Vita-Salute San Raffaele, Università di Pisa, Azienda Ospedaliera Universitaria Policlinico ""G. Martino"", Associazione La Nostra Famiglia Eugenio Medea - Brindisi, Scientific Institute, IRCCS E.Medea, Pasian di Prato, Istituto delle Scienze Neurologiche di Bologna - IRCCS","Università di Padova Italy, Fondazione Istituto Neurologico Nazionale Casimiro Mondino - IRCCS, Istituto Giannina Gaslini - IRCCS, Fondazione Serena Onlus - Centro Clinico NeMO Milano, Centro Clinico NeMO Ancona, Fondazione Stella Maris - IRCCS, Università degli Studi di Milano Statale, Centro Clinico NeMO Brescia, Fondazione Istituto Neurologico Carlo Besta - IRCCS, Fondazione IRCCS Ca' Granda, Ospedale Maggiore Policlinico, I.R.C.C.S. Eugenio Medea - Associazione La Nostra Famiglia - Sede di Conegliano, Fondazione Policlinico Universitario Agostino Gemelli IRCCS, Dipartimento di Neuroscienze Rita Levi Montalcini Torino, Università Vita-Salute San Raffaele, Università di Pisa, Azienda Ospedaliera Universitaria Policlinico ""G. Martino"", Associazione La Nostra Famiglia Eugenio Medea - Brindisi, Scientific Institute, IRCCS E.Medea, Pasian di Prato, Istituto delle Scienze Neurologiche di Bologna - IRCCS"
NCT07127978,2025-10-01 07:19:32.349441,2025-09-01 07:20:22.089753,Condition,Duchene Muscular Dystrophy,"Duchene Muscular Dystrophy, Duchene&Amp;Amp;#39;s Muscular Dystrophy"
NCT07127978,2025-11-01 07:17:18.276233,2025-10-01 07:19:32.349441,Overall Status,Recruiting,Not Yet Recruiting
NCT07127978,2026-05-01 09:01:11.670236,2026-04-01 08:15:57.024034,Last Update Post Date,2026-04-15,2025-10-30
NCT07160634,2026-01-01 07:23:50.780214,2025-12-01 07:23:31.834092,Overall Status,Recruiting,Not Yet Recruiting
NCT07160634,2026-01-01 07:23:50.780214,2025-12-01 07:23:31.834092,Secondary Outcome Measure,"Change From Baseline in Stride Velocity 95th Centile (SV95C) (m/s) at Day 540, Change From Baseline in 4-Stair Climb (4SC) Velocity (tasks/s) at Day 540, Change From Baseline in 10-meter Walk/Run (10MWR) Velocity (m/s) at Day 540, Change From Baseline in North Star Ambulatory Assessment (NSAA) total score at Day 540, Cumulative Loss of Function in NSAA Items at Day 540, Change From Baseline in Microdystrophin Protein Levels by western blot (% of normal dystrophin) at Day 90, Change From Baseline in Microdystrophin Tissue Distribution by Immunofluorescence (% positive fibers) at Day 90, Change from baseline in Percent Predicted Forced Vital Capacity (FVC) at Day 540, Change from baseline in Percent Predicted Peak Expiratory Flow (PEF) at Day 540, Change from baseline in Percent Predicted Forced Expiratory Volume in 1 second (FEV1) at Day 540, Change from baseline in the Pediatric Outcomes Data Collection Instrument (PODCI) Global score at Day 540, Number of Participants with Treatment Emergent Adverse Events (TEAEs), Serious Adverse Events (SAEs), Adverse Events of special interest (AESIs), and clinically significant changes in Electrocardiogram (ECG) and Echocardiography (ECHO)","Change From Baseline in Stride Velocity 95th Centile (SV95C) (m/s) at Day 540, Change From Baseline in 10-meter Walk/Run Velocity (m/s) at Day 540, Change From Baseline in 4-Stair Climb Velocity (tasks/s) at Day 540, Change From Baseline in North Star Ambulatory Assessment (NSAA) total score at Day 540, Cumulative Loss of Function in NSAA Items at Day 540, Change From Baseline in Microdystrophin Protein Levels by western blot (% of normal dystrophin) at Day 90, Change From Baseline in Microdystrophin Tissue Distribution by Immunofluorescence (% positive fibers) at Day 90, Change from baseline in Percent Predicted Forced Vital Capacity (FVC) at Day 540, Change from baseline in Percent Predicted Peak Expiratory Flow (PEF) at Day 540, Change from baseline in Percent Predicted Forced Expiratory Volume in 1 second (FEV1) at Day 540, Change from baseline in the Pediatric Outcomes Data Collection Instrument (PODCI) Global score at Day 540, Number of Participants with Treatment Emergent Adverse Events (TEAEs), Serious Adverse Events (SAEs) and Adverse Events of special interest (AESIs)"
NCT07160634,2026-01-01 07:23:50.780214,2025-12-01 07:23:31.834092,Secondary Id,"2025-522949-22, 1013075",2025-522949-22
NCT07160634,2026-03-01 07:33:13.464479,2026-02-01 07:37:25.453478,Last Update Post Date,2026-02-03,2025-12-12
NCT07160634,2026-04-01 08:15:57.024034,2026-03-01 07:33:13.464479,Last Update Post Date,2026-03-03,2026-02-03
NCT07172737,2026-02-01 07:37:25.453478,2026-01-01 07:23:50.780214,Org Study Id,0451,451
NCT07209332,2026-04-01 08:15:57.024034,2026-03-01 07:33:13.464479,Overall Status,Enrolling By Invitation,Not Yet Recruiting
NCT07209332,2026-04-01 08:15:57.024034,2026-03-01 07:33:13.464479,Start Date,2025-12-28,2025-11-01
NCT07209332,2026-04-01 08:15:57.024034,2026-03-01 07:33:13.464479,Last Update Post Date,2026-03-06,2025-10-07
NCT07250737,2026-03-01 07:33:13.464479,2026-02-01 07:37:25.453478,Last Update Post Date,2026-02-24,2025-11-26
NCT07250737,2026-04-01 08:15:57.024034,2026-03-01 07:33:13.464479,Last Update Post Date,2026-03-31,2026-02-24
NCT07250737,2026-05-01 09:01:11.670236,2026-04-01 08:15:57.024034,Last Update Post Date,2026-04-27,2026-03-31
NCT07254988,2026-05-01 09:01:11.670236,2026-04-01 08:15:57.024034,Overall Status,Terminated,Recruiting
NCT07254988,2026-05-01 09:01:11.670236,2026-04-01 08:15:57.024034,Enrollment Count,3.0,8.0
NCT07254988,2026-05-01 09:01:11.670236,2026-04-01 08:15:57.024034,Primary Completion Date,2025-12-01,2026-12-01
NCT07254988,2026-05-01 09:01:11.670236,2026-04-01 08:15:57.024034,Completion Date,2025-12-01,2026-12-01
NCT07254988,2026-05-01 09:01:11.670236,2026-04-01 08:15:57.024034,Last Update Post Date,2026-04-16,2025-11-28
NCT07282652,2026-02-01 07:37:25.453478,2026-01-01 07:23:50.780214,Overall Status,Active Not Recruiting,Not Yet Recruiting
NCT07287189,2026-02-01 07:37:25.453478,2026-01-01 07:23:50.780214,Overall Status,Recruiting,Active Not Recruiting
NCT07287189,2026-03-01 07:33:13.464479,2026-02-01 07:37:25.453478,Last Update Post Date,2026-02-17,2026-01-30
NCT07287189,2026-04-01 08:15:57.024034,2026-03-01 07:33:13.464479,Last Update Post Date,2026-03-17,2026-02-17
NCT07287189,2026-05-01 09:01:11.670236,2026-04-01 08:15:57.024034,Last Update Post Date,2026-04-15,2026-03-17
NCT07317063,2026-03-01 07:33:13.464479,2026-02-01 07:37:25.453478,Overall Status,Completed,Recruiting
NCT07317063,2026-03-01 07:33:13.464479,2026-02-01 07:37:25.453478,Last Update Post Date,2026-02-13,2026-01-05
NCT07332013,2026-03-01 07:33:13.464479,2026-02-01 07:37:25.453478,Start Date,2026-03-01,2026-01-01
NCT07332013,2026-03-01 07:33:13.464479,2026-02-01 07:37:25.453478,Last Update Post Date,2026-02-05,2026-01-12
NCT07332013,2026-05-01 09:01:11.670236,2026-04-01 08:15:57.024034,Start Date,2026-03-04,2026-03-01
NCT07332013,2026-05-01 09:01:11.670236,2026-04-01 08:15:57.024034,Last Update Post Date,2026-04-08,2026-02-05
NCT07347548,2026-03-01 07:33:13.464479,2026-02-01 07:37:25.453478,Overall Status,Recruiting,Completed
NCT07347548,2026-03-01 07:33:13.464479,2026-02-01 07:37:25.453478,Start Date,2026-01-06,2025-12-11
NCT07347548,2026-03-01 07:33:13.464479,2026-02-01 07:37:25.453478,Primary Completion Date,2026-06-01,2026-01-06
NCT07347548,2026-03-01 07:33:13.464479,2026-02-01 07:37:25.453478,Completion Date,2026-06-01,2026-01-06
NCT07347548,2026-03-01 07:33:13.464479,2026-02-01 07:37:25.453478,Last Update Post Date,2026-02-13,2026-01-16
NCT07347548,2026-05-01 09:01:11.670236,2026-04-01 08:15:57.024034,Overall Status,Active Not Recruiting,Recruiting
NCT07347548,2026-05-01 09:01:11.670236,2026-04-01 08:15:57.024034,Last Update Post Date,2026-04-09,2026-02-13
NCT07429240,2026-04-01 08:15:57.024034,2026-03-01 07:33:13.464479,Last Update Post Date,2026-03-13,2026-02-24
NCT07429240,2026-05-01 09:01:11.670236,2026-04-01 08:15:57.024034,Overall Status,Recruiting,Not Yet Recruiting
NCT07429240,2026-05-01 09:01:11.670236,2026-04-01 08:15:57.024034,Start Date,2026-04-24,2026-03-01
NCT07429240,2026-05-01 09:01:11.670236,2026-04-01 08:15:57.024034,Last Update Post Date,2026-04-30,2026-03-13
NCT07467187,2026-05-01 09:01:11.670236,2026-04-01 08:15:57.024034,Overall Status,Recruiting,Not Yet Recruiting
NCT07467187,2026-05-01 09:01:11.670236,2026-04-01 08:15:57.024034,Start Date,2026-04-13,2026-04-01
NCT07467187,2026-05-01 09:01:11.670236,2026-04-01 08:15:57.024034,Last Update Post Date,2026-04-20,2026-03-27
